customer_id,tenure,monthly_charges,total_charges,contract_type,internet_service,online_security,online_backup,device_protection,tech_support,streaming_tv,streaming_movies,payment_method,paperless_billing,senior_citizen,partner,dependents,phone_service,multiple_lines,churn
CUST_00000,52,106.69937600115234,5973.047910005213,Month-to-month,DSL,0,0,0,0,1,0,Electronic check,1,1,0,1,1,1,1
CUST_00001,15,60.79844953648447,4934.329992164915,Month-to-month,DSL,0,0,0,0,1,1,Credit card,1,0,1,0,1,1,1
CUST_00002,72,75.17225952593398,936.8526292120944,Month-to-month,Fiber optic,1,0,0,0,0,1,Bank transfer,1,0,1,0,1,0,0
CUST_00003,61,45.388856404330426,1297.3980355426213,Month-to-month,Fiber optic,1,0,0,0,1,0,Mailed check,0,0,0,0,1,0,1
CUST_00004,21,39.611309969345285,840.6796730998974,One year,No,0,0,0,0,1,1,Mailed check,0,0,1,0,1,0,0
CUST_00005,24,70.55078791060338,4659.664987971645,Month-to-month,Fiber optic,0,1,0,0,1,0,Credit card,0,0,1,0,1,0,1
CUST_00006,3,79.50489797004207,7029.393687940092,One year,Fiber optic,0,0,0,0,1,1,Electronic check,0,0,0,0,1,0,0
CUST_00007,22,53.9271245896191,3527.024046812697,Month-to-month,No,0,0,1,0,0,0,Bank transfer,1,0,0,0,1,0,1
CUST_00008,53,76.94435177635003,1370.700574266195,Month-to-month,Fiber optic,0,0,0,0,0,1,Mailed check,0,0,0,0,1,1,0
CUST_00009,2,108.7460482513503,4508.534368676839,Two year,DSL,0,0,1,0,0,0,Electronic check,0,0,1,1,1,0,1
CUST_00010,30,75.6721584783366,6512.842513239108,Month-to-month,Fiber optic,0,0,0,0,0,0,Bank transfer,1,0,1,1,1,0,0
CUST_00011,38,92.08130963105066,5959.525285952147,Month-to-month,Fiber optic,0,1,1,1,0,0,Credit card,1,1,1,0,0,0,1
CUST_00012,2,100.53149673579051,7063.461159432669,Two year,Fiber optic,0,1,0,0,0,0,Mailed check,1,0,1,1,1,1,0
CUST_00013,64,118.87287819554427,2295.4265682660557,Month-to-month,Fiber optic,0,0,0,0,0,0,Credit card,0,0,1,1,1,0,1
CUST_00014,60,80.31974021769796,1632.2355514154215,One year,Fiber optic,1,0,0,1,0,0,Credit card,1,1,0,1,1,0,0
CUST_00015,21,100.6850148962586,7050.550238941316,One year,Fiber optic,1,0,0,0,0,1,Credit card,0,0,0,0,1,1,1
CUST_00016,33,116.26493185548746,5294.7264709463825,Month-to-month,No,0,0,1,0,1,1,Bank transfer,1,0,1,0,1,0,0
CUST_00017,58,114.44097255772735,2556.338547059678,Two year,Fiber optic,0,0,0,0,0,1,Credit card,1,0,1,1,1,0,0
CUST_00018,22,34.10818487777136,5964.549599522823,Month-to-month,DSL,0,0,0,0,0,1,Bank transfer,1,0,1,0,1,0,0
CUST_00019,49,60.6392308273522,6539.435237394906,Month-to-month,No,0,0,0,1,0,1,Bank transfer,0,0,1,0,1,1,1
CUST_00020,59,52.39900611067996,4958.328098694946,Month-to-month,DSL,0,1,0,1,0,0,Credit card,1,0,1,0,1,0,0
CUST_00021,42,28.692501495034932,5534.284468051329,Month-to-month,Fiber optic,0,0,1,0,1,0,Credit card,0,0,0,1,1,1,1
CUST_00022,60,83.32407749109606,3064.553245097064,Two year,No,0,0,0,0,0,1,Electronic check,1,0,1,0,1,0,0
CUST_00023,15,93.59046131960024,4355.695772010009,Month-to-month,Fiber optic,1,1,0,0,0,1,Mailed check,1,0,0,0,1,0,0
CUST_00024,62,104.81280954668836,4240.857448736681,Month-to-month,Fiber optic,0,0,0,0,0,0,Electronic check,1,0,0,0,1,1,0
CUST_00025,62,32.27768896627085,6799.5775499330975,Month-to-month,No,0,1,1,1,0,0,Mailed check,1,0,1,1,1,0,0
CUST_00026,47,107.64440758752939,6735.715444229242,One year,DSL,1,0,0,1,0,0,Mailed check,1,0,1,0,1,0,0
CUST_00027,62,84.29255636142533,6678.175707841641,Month-to-month,DSL,0,0,0,0,0,1,Electronic check,0,0,0,0,1,0,0
CUST_00028,51,90.39461351385094,187.14975267347978,Month-to-month,Fiber optic,0,1,0,0,0,0,Electronic check,1,0,1,0,1,1,1
CUST_00029,55,111.06240035403039,6021.409327304217,One year,DSL,0,0,0,0,1,1,Mailed check,1,0,1,0,1,0,0
CUST_00030,64,82.47612710432512,6093.543481876938,Month-to-month,Fiber optic,0,0,0,0,1,1,Mailed check,1,0,1,0,1,0,1
CUST_00031,3,53.58658571498351,5459.192700555621,Month-to-month,No,1,0,1,1,0,1,Mailed check,1,0,1,0,1,0,0
CUST_00032,51,102.51073314226598,6074.490797342475,Month-to-month,Fiber optic,0,0,0,0,0,0,Bank transfer,1,0,0,0,1,0,1
CUST_00033,7,56.30592121950905,6751.565934823999,Month-to-month,No,0,0,1,1,0,0,Mailed check,0,0,1,0,1,0,0
CUST_00034,21,23.422811082052913,3815.520527404107,Two year,DSL,0,1,0,0,0,0,Credit card,1,0,1,1,1,0,0
CUST_00035,39,103.06545065652497,4066.1966865587324,Month-to-month,No,0,1,0,0,0,0,Credit card,0,0,1,0,0,0,1
CUST_00036,18,54.51921448812756,1085.2410495999848,Month-to-month,DSL,1,1,1,0,1,1,Credit card,1,0,1,0,1,1,1
CUST_00037,4,97.38345232013403,3144.469476074158,Month-to-month,DSL,1,0,0,0,0,0,Electronic check,1,0,0,0,0,0,1
CUST_00038,60,56.275789466594546,5182.584921303096,One year,Fiber optic,0,0,0,0,1,0,Electronic check,0,0,0,0,1,0,0
CUST_00039,14,106.10680199747216,6265.158231563469,One year,Fiber optic,0,0,0,1,0,0,Electronic check,1,0,1,0,1,1,0
CUST_00040,9,41.95105250809587,1815.9518717605633,Month-to-month,Fiber optic,0,1,0,0,1,1,Mailed check,1,1,1,0,0,1,0
CUST_00041,53,117.45472651988699,1188.8009033579597,One year,No,1,0,0,0,1,0,Credit card,1,0,1,1,1,1,0
CUST_00042,2,97.97587747880308,5338.031835553888,One year,No,0,0,0,0,1,1,Mailed check,0,0,0,0,1,0,0
CUST_00043,60,31.423792592039682,114.85107984679406,Two year,DSL,0,0,1,0,0,0,Bank transfer,0,0,0,0,1,1,0
CUST_00044,71,76.57766199665605,1509.1434160279057,Two year,Fiber optic,0,0,1,0,1,0,Bank transfer,1,0,0,0,1,1,0
CUST_00045,44,118.53673122417347,329.6639047172345,Month-to-month,Fiber optic,0,0,0,1,1,0,Electronic check,0,1,1,0,1,0,1
CUST_00046,8,67.10654526938144,1418.3924310534803,Month-to-month,DSL,0,1,1,0,1,0,Bank transfer,1,0,0,0,1,0,0
CUST_00047,47,38.21071388215832,1532.4223114114914,Month-to-month,DSL,0,1,1,0,0,1,Credit card,1,0,1,0,0,0,0
CUST_00048,35,68.47783671503461,3162.6213985281142,Month-to-month,No,0,0,0,0,1,0,Bank transfer,0,0,0,0,1,1,1
CUST_00049,36,71.24576558819216,3278.384285023792,Two year,No,0,0,0,0,0,0,Electronic check,1,0,1,0,1,0,0
CUST_00050,50,94.16869442286655,7006.673517820878,Month-to-month,Fiber optic,0,1,0,0,0,1,Mailed check,1,0,0,0,0,0,1
CUST_00051,4,89.88458531609044,4129.866728740719,Month-to-month,DSL,1,0,0,0,1,1,Bank transfer,1,0,0,0,1,0,0
CUST_00052,2,60.255004359698056,5814.897648337062,One year,DSL,0,0,0,0,0,1,Credit card,0,1,1,0,1,1,1
CUST_00053,6,41.80231074940865,922.6851275702708,Month-to-month,Fiber optic,0,0,1,0,0,0,Credit card,1,0,1,0,1,0,0
CUST_00054,54,84.50541677693295,1880.9661681631815,Month-to-month,Fiber optic,0,0,0,0,0,0,Credit card,0,0,0,0,0,1,0
CUST_00055,4,62.17039345532818,5653.253183731546,Month-to-month,Fiber optic,0,0,0,0,1,1,Mailed check,1,0,1,0,1,1,1
CUST_00056,54,33.22762111253304,517.1512877013719,Month-to-month,No,0,0,0,1,0,1,Credit card,0,0,0,0,0,0,0
CUST_00057,63,110.05723012363856,3944.1215317256497,One year,DSL,1,0,0,0,0,1,Electronic check,1,0,0,0,1,0,0
CUST_00058,18,89.12218576096544,4835.014828737178,Month-to-month,DSL,0,0,0,0,0,0,Electronic check,1,0,0,0,1,0,1
CUST_00059,44,88.31838564454814,4856.950588014601,Month-to-month,No,1,1,0,0,1,1,Credit card,1,0,0,0,1,1,0
CUST_00060,34,102.25838759116739,281.169209017532,Month-to-month,No,0,1,0,0,0,1,Bank transfer,1,0,0,0,1,1,0
CUST_00061,62,72.96616786550811,2644.6532334105655,Month-to-month,Fiber optic,0,1,0,1,1,0,Credit card,0,1,0,0,1,1,0
CUST_00062,14,101.5054428402457,5128.276143288317,One year,DSL,0,0,0,1,0,1,Electronic check,1,0,1,0,1,0,0
CUST_00063,48,69.80907535110057,1277.0979155790233,Month-to-month,DSL,0,0,0,0,1,1,Electronic check,0,0,0,1,1,0,1
CUST_00064,15,26.71753999157101,5593.783621791621,Month-to-month,No,1,0,0,0,1,0,Electronic check,0,0,1,1,1,0,0
CUST_00065,72,60.524808802768874,5992.8091496280285,Two year,DSL,1,1,0,0,0,0,Bank transfer,0,0,0,0,1,0,0
CUST_00066,62,69.74648939798905,7857.556604524548,One year,DSL,1,0,0,0,0,1,Bank transfer,1,0,0,1,1,1,0
CUST_00067,40,92.02025816322958,1757.7517593656344,Month-to-month,Fiber optic,1,0,0,0,1,0,Bank transfer,1,0,0,0,1,0,0
CUST_00068,53,30.657873012867434,6618.53227456231,One year,No,1,0,0,1,0,0,Electronic check,1,0,1,0,0,0,0
CUST_00069,24,34.0018538660449,4210.342957657367,One year,Fiber optic,0,0,1,1,0,0,Mailed check,1,0,1,1,1,0,0
CUST_00070,26,46.368380263461646,3050.35450953897,One year,Fiber optic,0,0,0,1,1,0,Credit card,1,0,1,1,1,0,0
CUST_00071,60,46.649839337088224,1066.7763828689058,Month-to-month,Fiber optic,0,1,0,1,1,1,Credit card,1,0,0,1,1,0,0
CUST_00072,41,93.21845784590624,5910.494291251547,Two year,Fiber optic,0,1,1,0,0,0,Electronic check,0,0,1,0,0,0,0
CUST_00073,29,45.073066056159774,1963.275033235128,Month-to-month,Fiber optic,1,0,0,0,0,0,Bank transfer,1,0,1,0,1,1,1
CUST_00074,15,83.30980633574475,3034.2338147970613,Month-to-month,No,0,1,0,0,0,1,Mailed check,0,0,0,0,1,0,1
CUST_00075,45,69.42738501382715,594.0835924892106,Month-to-month,No,0,0,1,0,0,0,Mailed check,0,0,0,0,1,1,0
CUST_00076,65,77.32943781794006,6430.7986349742005,Month-to-month,Fiber optic,0,0,0,0,1,0,Bank transfer,1,0,0,0,1,0,0
CUST_00077,71,103.81069631782958,6156.0493393759825,Two year,Fiber optic,0,0,0,1,1,1,Credit card,1,0,1,1,1,1,0
CUST_00078,9,60.43815015490243,5895.565057334268,Month-to-month,Fiber optic,0,0,1,1,1,0,Credit card,1,0,0,0,1,0,0
CUST_00079,1,97.09113770642705,2465.6037328859047,Month-to-month,Fiber optic,0,0,0,1,0,0,Mailed check,0,0,1,0,1,1,0
CUST_00080,8,62.20360595506874,1470.4925867010622,Two year,Fiber optic,0,1,0,1,0,1,Mailed check,0,0,1,0,1,1,0
CUST_00081,63,55.38713765612494,5136.670789314815,Month-to-month,No,0,0,0,1,0,1,Bank transfer,1,0,1,0,1,0,0
CUST_00082,11,115.86271773132205,4019.7144344944336,Month-to-month,Fiber optic,0,0,0,0,0,1,Credit card,1,1,0,0,1,0,1
CUST_00083,8,38.43709206789632,1508.1944885466685,Month-to-month,DSL,0,0,0,1,1,1,Mailed check,0,1,1,1,1,0,0
CUST_00084,35,29.033696057760785,5518.699041293923,Month-to-month,Fiber optic,0,1,0,0,0,1,Credit card,1,1,0,0,1,1,0
CUST_00085,35,97.09859255354785,7929.898811388299,Month-to-month,No,0,0,1,0,1,1,Mailed check,0,0,0,0,1,0,1
CUST_00086,33,26.824970535409157,6003.034743162098,One year,DSL,0,0,1,1,1,1,Bank transfer,0,0,1,1,1,0,0
CUST_00087,5,103.70789907030294,5945.892454816333,Month-to-month,No,0,0,1,1,1,0,Credit card,0,0,0,1,1,0,1
CUST_00088,41,63.71933963572435,7607.470748151674,Month-to-month,No,0,0,0,0,1,0,Mailed check,1,0,0,1,1,1,0
CUST_00089,28,111.5513677291914,1703.1973038417273,One year,Fiber optic,0,0,0,0,1,1,Mailed check,1,0,0,1,1,1,0
CUST_00090,7,92.15328611219056,4567.844722879379,One year,Fiber optic,0,0,1,0,0,0,Mailed check,0,0,0,0,1,0,0
CUST_00091,72,81.04046670079576,7839.20904876768,Month-to-month,DSL,0,0,1,0,0,0,Mailed check,1,0,0,1,1,0,0
CUST_00092,12,114.93067970577657,1405.8234766643789,Month-to-month,Fiber optic,0,0,0,1,0,0,Bank transfer,1,0,0,0,1,1,0
CUST_00093,34,59.66493730520543,5631.990479611716,Month-to-month,DSL,1,1,0,0,0,0,Credit card,1,0,1,1,1,1,1
CUST_00094,33,115.40869365396331,4727.900153178025,Month-to-month,Fiber optic,0,0,0,0,1,0,Credit card,1,0,0,0,1,0,1
CUST_00095,48,33.500127742120696,4733.184828290785,Month-to-month,Fiber optic,1,0,0,0,1,1,Electronic check,0,0,1,0,0,0,1
CUST_00096,23,68.37549419324128,5611.597957408593,Month-to-month,DSL,0,1,0,0,0,1,Credit card,1,1,0,0,1,1,0
CUST_00097,62,46.99112223921949,7443.973690717905,Two year,DSL,0,0,1,0,0,1,Electronic check,1,0,0,0,1,0,0
CUST_00098,37,73.98427789081934,6282.39732482557,Month-to-month,No,0,1,0,1,0,1,Mailed check,0,0,1,0,1,0,1
CUST_00099,44,36.20138778915846,543.475216988059,One year,Fiber optic,0,0,0,0,1,0,Bank transfer,1,0,0,0,1,1,0
CUST_00100,35,104.15296603100434,6836.551357018118,Month-to-month,DSL,0,0,0,0,1,0,Bank transfer,1,0,1,1,1,0,1
CUST_00101,65,104.64078493145573,1881.7765064132877,One year,Fiber optic,0,0,0,0,1,0,Mailed check,1,0,1,0,1,1,0
CUST_00102,47,115.5236312723479,3077.6219014173384,One year,Fiber optic,0,1,0,0,0,1,Electronic check,1,0,0,0,1,0,0
CUST_00103,3,35.46721408832362,3747.689227537819,Two year,DSL,0,0,0,1,0,0,Mailed check,0,0,1,1,1,1,0
CUST_00104,1,82.33325509049908,3899.1574059492505,Month-to-month,Fiber optic,0,0,0,0,1,0,Bank transfer,1,0,0,0,0,0,0
CUST_00105,5,67.42373087003696,3537.9251541173185,One year,Fiber optic,0,1,0,1,1,1,Bank transfer,0,0,1,0,1,1,0
CUST_00106,14,54.43837320442332,7505.0910243053295,Month-to-month,Fiber optic,0,0,0,0,0,0,Credit card,0,0,1,0,0,0,0
CUST_00107,27,55.15401611342188,5677.550160545794,One year,Fiber optic,0,0,0,0,1,1,Electronic check,1,0,1,0,1,0,0
CUST_00108,9,61.27935506067523,5086.24810305798,Month-to-month,Fiber optic,1,0,0,0,0,1,Credit card,1,0,0,1,0,0,0
CUST_00109,15,90.4925549688953,493.7520194852383,Month-to-month,Fiber optic,1,0,1,0,1,0,Bank transfer,1,0,0,1,1,1,1
CUST_00110,42,79.82860582681546,7240.91530905696,Month-to-month,Fiber optic,1,0,0,1,1,0,Bank transfer,0,0,0,1,1,0,0
CUST_00111,51,65.9681512761131,7284.18251686633,Month-to-month,Fiber optic,0,0,1,0,1,1,Credit card,1,0,0,0,1,0,0
CUST_00112,63,27.593341036962208,6263.683201097809,Month-to-month,DSL,1,0,0,0,0,0,Credit card,1,0,0,0,1,0,1
CUST_00113,52,27.77653440789571,155.53071012759133,Month-to-month,Fiber optic,1,0,1,0,0,0,Bank transfer,1,0,1,0,1,0,0
CUST_00114,4,20.233939062577825,552.5139835132245,Two year,Fiber optic,0,1,1,0,1,0,Credit card,1,0,0,0,1,1,0
CUST_00115,23,116.76993882070865,1879.2672479210692,One year,Fiber optic,0,1,0,1,1,1,Credit card,1,0,1,0,1,1,0
CUST_00116,15,20.525381855838493,1137.660324344763,Two year,DSL,1,0,0,0,0,0,Electronic check,1,0,1,0,1,0,1
CUST_00117,43,30.309374601374486,3250.8046346594624,Month-to-month,No,0,1,0,0,1,1,Bank transfer,0,0,1,0,1,0,1
CUST_00118,29,51.45965568094109,7388.722158893538,Two year,No,0,0,1,1,0,1,Mailed check,0,1,0,0,1,1,0
CUST_00119,36,100.74302518167612,3829.2774301562863,Two year,DSL,0,0,0,0,1,0,Electronic check,1,0,0,0,1,1,0
CUST_00120,13,116.20987857641177,205.8807488141083,One year,DSL,0,1,0,0,1,1,Mailed check,1,0,1,1,1,1,0
CUST_00121,32,99.00135587918561,2333.69094767222,One year,DSL,1,0,0,0,0,0,Credit card,0,0,1,0,1,0,0
CUST_00122,71,89.05602324456406,452.29977614639614,Month-to-month,DSL,0,0,1,0,0,0,Credit card,1,0,1,1,1,0,0
CUST_00123,59,72.13006674135694,386.67221864666703,Two year,Fiber optic,0,1,0,0,0,1,Mailed check,1,0,1,1,1,0,0
CUST_00124,28,28.67052118621836,2278.186839454863,Month-to-month,Fiber optic,0,0,0,0,0,1,Credit card,1,0,0,0,1,0,0
CUST_00125,66,115.81707930039303,2277.3374755636687,Month-to-month,Fiber optic,0,1,0,0,0,0,Credit card,0,0,1,0,0,1,0
CUST_00126,42,95.83924139456815,6318.300160552672,Month-to-month,No,0,0,0,1,1,1,Electronic check,1,0,0,0,1,0,0
CUST_00127,45,83.89493853342618,7801.193756970784,Two year,DSL,0,0,0,0,1,1,Mailed check,1,0,1,0,1,0,0
CUST_00128,62,95.90358455388498,3032.5360417309867,Two year,DSL,1,0,0,0,0,1,Electronic check,0,1,1,0,1,1,0
CUST_00129,57,92.41033292731386,3488.206343002205,Two year,Fiber optic,0,0,0,0,0,0,Mailed check,0,0,1,1,1,0,0
CUST_00130,6,83.72315797894868,6773.83654665957,One year,DSL,0,1,1,1,0,1,Electronic check,1,0,1,1,1,1,0
CUST_00131,28,118.05768001799882,2218.2982587545557,Month-to-month,Fiber optic,0,0,0,0,0,0,Bank transfer,1,0,1,0,1,0,1
CUST_00132,28,110.33638126360249,1335.4162547872388,Month-to-month,Fiber optic,0,0,0,0,0,0,Bank transfer,1,0,0,1,1,0,1
CUST_00133,44,84.66649191171634,6839.408024888839,Month-to-month,No,1,0,0,0,1,1,Mailed check,1,0,0,0,1,0,1
CUST_00134,30,89.31752114569247,467.3546328765174,Month-to-month,DSL,1,0,0,0,1,1,Bank transfer,0,0,1,1,1,0,0
CUST_00135,62,25.159580665870998,4995.625577575384,Month-to-month,Fiber optic,1,0,0,1,0,0,Electronic check,1,0,0,0,1,0,0
CUST_00136,62,86.99174645500392,4539.743494987773,Month-to-month,No,0,1,0,0,1,0,Mailed check,0,0,0,0,1,0,1
CUST_00137,1,24.41654377101002,2832.7715352633845,Month-to-month,Fiber optic,0,0,0,0,1,0,Bank transfer,0,0,0,0,0,0,1
CUST_00138,27,78.8263756969931,2589.997216669136,Two year,No,0,0,0,0,0,1,Bank transfer,0,1,1,1,1,1,0
CUST_00139,62,119.93534995658348,6197.676036834809,Month-to-month,Fiber optic,0,1,0,0,1,0,Mailed check,0,0,0,0,1,0,1
CUST_00140,3,75.58065814371795,782.7544250241173,Two year,Fiber optic,1,0,1,1,1,0,Bank transfer,1,0,1,0,1,0,0
CUST_00141,70,67.32101180813333,1970.5960435599445,One year,Fiber optic,1,0,0,0,0,0,Bank transfer,1,1,1,1,1,0,0
CUST_00142,72,51.285485650558755,5886.34498152091,Month-to-month,Fiber optic,1,1,1,0,0,1,Mailed check,1,0,1,1,1,0,1
CUST_00143,27,32.052257878646444,4431.7326114387515,Month-to-month,Fiber optic,1,0,0,0,1,1,Bank transfer,1,1,0,0,1,0,0
CUST_00144,9,93.10236714582817,1111.1068474153326,Month-to-month,DSL,1,0,0,0,1,1,Bank transfer,1,0,1,1,1,0,0
CUST_00145,62,39.259902778563045,7068.871352828275,Month-to-month,No,0,0,0,0,0,1,Bank transfer,1,0,1,0,1,0,1
CUST_00146,37,31.528202124728438,3208.2379878523734,One year,No,0,1,1,0,0,0,Bank transfer,1,1,1,0,0,0,0
CUST_00147,51,62.17626597305125,6640.160165045166,Month-to-month,Fiber optic,0,1,0,0,0,0,Credit card,1,0,1,0,1,0,0
CUST_00148,44,99.53418379590974,6322.932822668899,Month-to-month,DSL,0,1,0,0,1,0,Mailed check,0,1,1,0,1,1,0
CUST_00149,24,94.50645481202204,5032.961027126652,Month-to-month,Fiber optic,0,0,0,0,0,1,Credit card,0,0,0,0,1,0,1
CUST_00150,59,25.488261464647493,4006.4009372312344,Two year,Fiber optic,0,0,0,0,1,0,Credit card,0,1,1,0,1,0,0
CUST_00151,32,65.5143685036156,7838.45163901588,One year,DSL,1,0,0,1,0,0,Electronic check,1,0,0,0,1,1,0
CUST_00152,52,72.2434576071169,1245.2240718005546,One year,DSL,0,0,0,1,0,0,Credit card,1,0,0,1,1,1,0
CUST_00153,62,84.45466506258222,5828.730247653807,Month-to-month,Fiber optic,1,0,0,0,0,0,Credit card,0,0,1,1,1,1,0
CUST_00154,58,85.01673504432281,1610.406541571833,One year,Fiber optic,1,1,1,0,0,0,Electronic check,0,1,0,0,1,0,0
CUST_00155,52,56.46972494573058,2772.2785321255524,One year,No,0,1,0,0,0,1,Bank transfer,0,0,0,0,1,1,0
CUST_00156,12,76.0677194003514,2538.7200726482424,One year,Fiber optic,0,0,0,1,0,1,Bank transfer,1,0,1,0,1,1,0
CUST_00157,39,68.10618838440865,7581.584303135912,Two year,DSL,0,0,0,1,0,1,Credit card,0,0,1,1,1,1,0
CUST_00158,2,108.4998356523281,7742.113804527374,Month-to-month,DSL,1,0,1,1,0,1,Electronic check,0,0,0,0,1,0,1
CUST_00159,3,73.02651326349002,1545.8220094543444,Two year,Fiber optic,1,0,1,1,0,0,Bank transfer,0,0,1,0,1,0,0
CUST_00160,56,64.10321617481617,274.07776635028307,Two year,Fiber optic,1,1,1,0,0,0,Electronic check,1,0,0,0,1,1,0
CUST_00161,59,60.448544968185075,5788.063513338593,Month-to-month,Fiber optic,0,1,0,1,1,1,Mailed check,1,0,0,0,1,0,0
CUST_00162,2,77.24277594334657,3402.120477576826,Month-to-month,No,0,0,1,0,1,1,Mailed check,1,0,0,0,1,0,1
CUST_00163,2,100.39769794008976,801.8379361917587,Two year,DSL,0,0,0,0,1,0,Mailed check,0,1,0,1,1,0,0
CUST_00164,54,73.84014903807875,5501.657434058636,Month-to-month,DSL,1,0,0,0,0,1,Mailed check,1,0,0,0,1,0,0
CUST_00165,1,86.16551750805415,4406.333673259527,Month-to-month,No,0,0,0,1,0,0,Credit card,0,0,0,0,1,0,1
CUST_00166,19,93.7855766906525,7846.082893808738,Two year,No,0,0,0,1,0,0,Mailed check,0,0,1,0,1,0,0
CUST_00167,2,72.01681098787319,1896.5350173048935,One year,DSL,0,0,1,0,0,1,Mailed check,1,0,1,1,1,1,1
CUST_00168,53,62.68170566548643,3291.425222979731,Month-to-month,DSL,0,0,0,0,1,0,Electronic check,0,0,1,0,1,0,1
CUST_00169,44,107.66653778624494,4386.111846823841,One year,DSL,0,1,0,1,0,0,Bank transfer,1,0,1,0,1,0,0
CUST_00170,32,61.75060840278921,6354.429908781478,Month-to-month,DSL,0,0,0,0,0,0,Electronic check,0,0,0,0,1,1,1
CUST_00171,70,66.19428505755876,4435.825388088464,Month-to-month,DSL,0,0,0,0,0,0,Credit card,0,0,1,1,1,0,1
CUST_00172,32,119.03413133417772,4941.911270809399,Month-to-month,DSL,0,0,0,0,1,1,Mailed check,1,0,1,0,1,0,1
CUST_00173,68,20.023752357588457,1886.5617075605319,One year,Fiber optic,1,0,0,0,1,1,Bank transfer,1,0,0,0,1,0,0
CUST_00174,55,38.547290957672246,6790.657951899622,Month-to-month,DSL,1,0,1,0,0,1,Bank transfer,1,0,0,1,1,0,0
CUST_00175,56,58.39638899197257,3486.1813210667583,One year,Fiber optic,0,0,0,0,0,1,Mailed check,1,0,1,1,1,0,0
CUST_00176,17,113.25899094252529,1213.5810574219772,One year,Fiber optic,1,0,0,1,1,0,Mailed check,1,0,1,0,1,1,0
CUST_00177,38,27.002970574747103,5347.084524592798,Month-to-month,Fiber optic,0,0,0,0,1,0,Credit card,1,1,1,1,1,1,0
CUST_00178,24,20.948543362849808,1807.1145801639293,One year,DSL,0,1,0,1,0,0,Credit card,1,0,0,0,1,1,0
CUST_00179,69,25.26838359772286,870.743830890468,Month-to-month,DSL,1,0,1,0,0,0,Mailed check,0,0,0,0,1,0,0
CUST_00180,70,28.854341061361815,6909.696576393751,One year,Fiber optic,1,1,0,0,1,0,Mailed check,0,0,1,0,1,0,0
CUST_00181,11,23.759677320626086,3735.2818894586735,Month-to-month,DSL,1,0,0,0,1,1,Mailed check,1,0,1,0,1,0,0
CUST_00182,16,67.97813268565048,6019.341330296634,Two year,DSL,0,0,0,0,0,1,Mailed check,0,0,0,0,1,0,0
CUST_00183,59,78.07572072273277,2395.6417224702054,Month-to-month,Fiber optic,0,0,0,1,0,0,Bank transfer,0,0,0,0,1,0,0
CUST_00184,70,47.16869710690041,6317.064065849564,Month-to-month,DSL,1,0,0,0,1,1,Credit card,0,0,1,1,1,1,0
CUST_00185,3,59.828738397563555,984.2938234700896,One year,No,0,1,0,0,1,0,Mailed check,0,0,1,1,1,0,0
CUST_00186,20,29.169933511143014,2912.1896529793366,Month-to-month,No,0,0,0,0,1,1,Mailed check,0,0,0,0,1,0,0
CUST_00187,59,53.63704638284221,7826.688361990876,Month-to-month,DSL,1,1,0,1,1,1,Bank transfer,0,0,0,0,1,0,0
CUST_00188,36,72.2519191634523,6372.518759307248,One year,DSL,1,1,0,0,0,0,Electronic check,0,0,1,0,1,0,1
CUST_00189,19,93.22718071846451,4028.3218494860366,One year,Fiber optic,1,0,0,0,1,0,Mailed check,0,1,1,0,1,1,0
CUST_00190,67,20.334636204297922,2784.2420253388923,One year,Fiber optic,0,0,0,0,0,1,Bank transfer,1,0,0,0,1,1,0
CUST_00191,19,66.73107665376526,6989.872030177565,Month-to-month,Fiber optic,1,0,0,1,1,1,Bank transfer,0,1,0,0,1,0,0
CUST_00192,20,49.70028764548822,4404.297296767673,One year,No,0,1,1,0,0,1,Electronic check,1,0,1,0,1,0,0
CUST_00193,71,105.28218216919014,6091.557641165978,Month-to-month,Fiber optic,0,1,0,0,1,1,Credit card,1,0,0,0,1,1,0
CUST_00194,52,91.55533152342419,6057.450674497696,One year,Fiber optic,0,0,0,0,0,1,Credit card,1,0,1,1,0,1,0
CUST_00195,33,78.9108534470895,241.77086069108546,One year,No,0,1,0,0,0,0,Credit card,1,0,1,1,1,1,0
CUST_00196,40,47.72656456967736,1097.4048840616463,Month-to-month,No,0,0,1,0,0,0,Mailed check,0,0,0,0,1,0,0
CUST_00197,39,111.03391020575343,5311.071994518464,Month-to-month,No,0,0,0,0,1,0,Credit card,0,0,1,0,1,0,1
CUST_00198,1,24.510067722032318,1376.7965091583844,Month-to-month,Fiber optic,0,0,1,0,1,0,Mailed check,1,0,1,0,1,0,1
CUST_00199,11,30.946759867911517,2118.397422779277,Month-to-month,Fiber optic,0,0,0,0,1,0,Mailed check,0,0,1,0,1,0,0
CUST_00200,57,59.16301405403561,7578.439838176897,Month-to-month,Fiber optic,0,1,1,0,0,1,Bank transfer,1,0,0,0,1,1,1
CUST_00201,50,32.443755729685634,4525.439841161804,Month-to-month,Fiber optic,0,0,1,0,0,0,Credit card,1,0,1,0,0,0,0
CUST_00202,23,115.6415697559425,6030.763105294843,One year,Fiber optic,0,0,0,1,1,0,Credit card,0,0,0,0,1,0,0
CUST_00203,31,99.79893221433834,4508.047836382855,Month-to-month,DSL,1,0,0,1,1,1,Credit card,1,0,1,0,1,0,0
CUST_00204,42,45.89826516018137,4464.857556783529,Two year,No,1,0,0,0,1,0,Mailed check,1,0,1,0,1,1,0
CUST_00205,7,78.85542289732453,843.8000899930134,Month-to-month,Fiber optic,0,0,0,1,1,0,Mailed check,0,0,0,0,1,0,0
CUST_00206,16,118.23305150800816,2814.939221611914,One year,DSL,1,0,0,0,1,1,Credit card,0,0,1,0,1,0,0
CUST_00207,60,108.4198978131503,2331.2040996234427,One year,DSL,0,0,0,1,0,1,Mailed check,1,1,1,1,1,1,0
CUST_00208,2,80.0798446442198,3186.7540883475444,Month-to-month,Fiber optic,0,0,0,0,1,0,Mailed check,1,0,0,1,1,0,0
CUST_00209,1,110.37239671752705,6406.919086972193,Month-to-month,DSL,1,0,0,0,1,0,Electronic check,0,0,0,0,1,0,0
CUST_00210,48,118.91849098133589,3038.2680765432324,One year,Fiber optic,0,0,0,0,1,1,Electronic check,0,0,1,0,1,0,1
CUST_00211,12,94.33528228936241,3668.404871930293,Month-to-month,Fiber optic,1,0,0,1,1,0,Credit card,1,0,0,1,0,1,0
CUST_00212,69,26.498640948289403,3239.3129848340004,Two year,DSL,0,0,0,0,0,0,Credit card,1,0,0,0,0,1,0
CUST_00213,37,60.15802364254875,837.9229786048353,Month-to-month,Fiber optic,1,0,1,0,0,1,Electronic check,1,0,1,1,1,1,0
CUST_00214,32,103.78257352832455,3584.4700501811913,Two year,No,0,0,0,0,0,0,Mailed check,1,0,1,0,0,1,0
CUST_00215,9,43.0569195805019,1645.3132570516686,Month-to-month,Fiber optic,0,0,0,0,0,0,Mailed check,0,0,1,1,1,1,0
CUST_00216,19,103.06425177506246,1575.1140366070276,One year,DSL,0,0,0,0,1,0,Bank transfer,1,0,0,1,0,1,0
CUST_00217,48,32.033876203499595,842.8852250307042,One year,DSL,1,1,0,0,1,1,Credit card,1,0,0,0,1,0,0
CUST_00218,3,24.694535714781303,2917.7006957199415,One year,Fiber optic,0,1,0,0,0,1,Credit card,1,0,0,0,1,1,0
CUST_00219,20,58.40906114912496,6084.106889836397,Month-to-month,Fiber optic,1,0,0,1,0,0,Credit card,0,0,1,0,1,0,1
CUST_00220,24,23.67319374266136,2283.8893556088287,One year,DSL,0,0,1,0,1,0,Bank transfer,0,0,1,0,1,1,0
CUST_00221,54,115.72702629833256,2567.5579048955574,Month-to-month,No,0,1,0,0,1,0,Bank transfer,1,0,0,0,1,1,0
CUST_00222,33,102.62056957939659,5177.129795612146,One year,No,0,0,0,0,0,0,Mailed check,0,0,0,0,1,0,0
CUST_00223,24,100.07696871298751,1647.142419436659,Month-to-month,DSL,0,0,1,0,1,0,Electronic check,1,0,1,0,1,0,0
CUST_00224,72,82.97779229961532,7185.967650345921,Two year,No,1,1,0,1,0,1,Electronic check,0,0,1,0,1,0,0
CUST_00225,36,41.632402303655354,4209.50513368728,Month-to-month,DSL,0,0,1,1,0,0,Electronic check,0,0,0,1,1,0,0
CUST_00226,38,71.82603666763922,3636.0632285297143,Two year,DSL,0,0,1,0,0,0,Mailed check,0,0,1,0,0,0,0
CUST_00227,25,79.7274072430341,4506.779516240691,Two year,DSL,0,0,0,1,0,0,Electronic check,1,0,0,0,0,0,0
CUST_00228,18,72.50315008602682,1411.671075987944,Two year,DSL,0,0,0,1,0,0,Bank transfer,1,0,1,0,1,0,0
CUST_00229,66,46.02333679515273,4946.437795249492,Month-to-month,No,1,0,0,1,1,0,Bank transfer,1,0,1,0,1,1,0
CUST_00230,54,71.52479243147259,2968.4958194086826,Month-to-month,Fiber optic,0,0,0,0,1,0,Credit card,1,0,1,0,1,0,0
CUST_00231,35,69.11863408686266,7187.77209362049,Two year,No,0,0,0,0,0,1,Electronic check,0,1,0,1,1,0,0
CUST_00232,61,119.63357758067242,1433.9482327537205,Month-to-month,DSL,1,0,1,0,0,1,Bank transfer,0,0,0,0,1,0,0
CUST_00233,41,109.74361480462039,4105.703720536984,Month-to-month,Fiber optic,1,0,0,0,0,0,Credit card,1,0,1,0,1,1,0
CUST_00234,33,66.33807482156199,4825.0897720152425,One year,Fiber optic,0,0,0,0,1,0,Electronic check,1,0,0,0,1,0,0
CUST_00235,68,82.29373829351186,363.7304541124117,One year,Fiber optic,0,0,0,1,1,0,Electronic check,1,0,1,0,1,0,0
CUST_00236,33,94.78716040922285,2973.175685573508,Month-to-month,DSL,0,0,0,0,0,0,Bank transfer,1,0,1,1,1,0,0
CUST_00237,14,23.486516023382492,5887.818354136579,One year,No,0,0,0,0,0,1,Credit card,0,0,1,0,1,0,0
CUST_00238,21,109.49214412278398,6580.982308846889,Two year,Fiber optic,1,1,0,0,1,0,Credit card,0,1,1,0,1,0,0
CUST_00239,48,106.01268164179238,2573.9797590565304,Month-to-month,No,0,0,0,0,0,1,Bank transfer,1,0,1,0,1,0,0
CUST_00240,20,65.74320977737074,6408.886851823735,Two year,No,0,0,0,0,0,1,Bank transfer,0,0,1,1,1,0,0
CUST_00241,8,59.11697660803798,7745.271429116772,Month-to-month,Fiber optic,0,0,0,1,1,1,Bank transfer,0,0,0,0,1,1,1
CUST_00242,7,47.2959374856315,6869.304094993244,Month-to-month,No,0,0,0,0,0,1,Electronic check,1,1,0,1,1,1,0
CUST_00243,67,67.66768283303685,1029.3875064586691,Month-to-month,No,0,0,0,1,0,0,Bank transfer,0,0,0,0,1,0,0
CUST_00244,17,24.437666353323678,5943.869623475771,Month-to-month,DSL,0,0,0,1,0,1,Bank transfer,1,0,0,0,1,1,1
CUST_00245,33,105.21935333470077,2625.3679762803035,Two year,No,0,0,0,0,0,1,Mailed check,0,0,1,0,1,0,0
CUST_00246,48,23.542236841854507,7908.486316355405,Month-to-month,No,0,0,0,1,1,1,Bank transfer,1,0,1,0,1,0,0
CUST_00247,59,52.9051365369871,3934.335966963108,Month-to-month,DSL,0,1,0,0,1,0,Bank transfer,1,0,1,0,1,0,1
CUST_00248,22,113.158948831899,1067.227797035634,Month-to-month,Fiber optic,0,1,0,0,1,1,Electronic check,1,0,1,0,1,0,1
CUST_00249,30,93.52126545234528,5828.965829416387,One year,No,0,0,0,0,1,0,Credit card,1,0,1,0,1,0,0
CUST_00250,38,48.13909605775268,2651.7884672510895,One year,DSL,0,0,0,0,0,1,Electronic check,0,0,1,1,1,1,0
CUST_00251,51,45.26490939608851,7976.917440945127,Month-to-month,DSL,0,0,0,1,1,0,Mailed check,1,0,0,0,1,1,0
CUST_00252,54,20.508213981802598,7840.281417050723,Month-to-month,Fiber optic,0,0,0,0,1,1,Bank transfer,1,0,1,0,1,0,0
CUST_00253,8,89.57142928497501,5283.458742362587,Two year,No,0,0,0,0,0,0,Bank transfer,1,0,0,0,1,0,0
CUST_00254,27,24.87835816731731,1125.6289467185688,Month-to-month,Fiber optic,0,0,1,0,0,0,Bank transfer,0,0,1,0,1,0,0
CUST_00255,27,73.26025194007622,5526.20188163273,Month-to-month,No,1,1,0,0,1,0,Bank transfer,0,0,0,0,1,0,0
CUST_00256,21,116.21219725920498,834.9408430342149,Month-to-month,Fiber optic,1,0,0,0,1,0,Bank transfer,0,0,1,0,1,0,1
CUST_00257,30,30.94688600544539,331.9768569088993,One year,Fiber optic,1,0,0,1,0,0,Bank transfer,1,0,1,0,1,1,0
CUST_00258,28,109.44799309680674,6601.37172514974,Month-to-month,DSL,0,0,0,0,0,0,Mailed check,0,0,1,0,1,0,1
CUST_00259,64,119.14753351450481,1757.0482867010828,Month-to-month,Fiber optic,1,0,1,0,1,1,Bank transfer,1,0,1,0,1,1,0
CUST_00260,69,26.151702623923505,3094.3142971308694,Month-to-month,DSL,0,0,0,0,0,1,Bank transfer,1,0,1,1,1,0,1
CUST_00261,61,108.29062691374612,7790.313380811768,Two year,No,0,0,1,0,1,1,Bank transfer,1,0,0,0,1,1,0
CUST_00262,48,71.60790204436167,2761.0399647027157,Month-to-month,No,0,1,0,0,0,0,Mailed check,1,0,0,0,1,1,0
CUST_00263,19,110.651371944458,2442.2692721381904,One year,Fiber optic,1,0,0,1,1,0,Bank transfer,0,0,1,1,1,1,0
CUST_00264,4,77.13189419195741,7353.843197019924,Month-to-month,Fiber optic,0,0,0,0,0,0,Mailed check,1,1,0,0,1,1,0
CUST_00265,35,86.21120101065647,974.912718019769,Month-to-month,No,0,1,0,0,0,1,Electronic check,1,0,0,0,1,0,1
CUST_00266,64,74.37789079973993,6100.701039905591,One year,No,1,0,0,0,0,1,Bank transfer,1,0,0,0,1,0,0
CUST_00267,49,106.44928803073485,7905.717976556914,Month-to-month,DSL,1,0,0,0,0,0,Credit card,1,0,0,1,1,1,1
CUST_00268,17,93.39099189537018,7220.238485119726,Two year,DSL,0,1,0,0,1,0,Mailed check,0,0,0,1,1,0,0
CUST_00269,44,72.12603121804149,5248.176557780765,Two year,Fiber optic,0,0,0,0,0,1,Electronic check,0,0,0,1,1,1,1
CUST_00270,30,106.8160804051547,2581.0802804425825,Two year,No,0,0,1,0,0,1,Mailed check,1,0,0,0,1,0,0
CUST_00271,46,44.52855322553346,2109.143651308702,Month-to-month,DSL,1,0,0,1,0,1,Mailed check,1,0,0,0,1,0,1
CUST_00272,6,35.7340659702526,6572.115328484543,One year,Fiber optic,0,1,0,0,1,1,Electronic check,0,1,1,0,1,0,1
CUST_00273,37,36.040010533007205,7050.593120218393,Month-to-month,Fiber optic,0,0,0,0,1,0,Bank transfer,0,0,1,0,1,1,0
CUST_00274,24,53.40088787452379,4250.935809110973,Two year,No,1,0,0,0,0,0,Bank transfer,0,0,0,1,0,1,0
CUST_00275,46,43.86900313010175,2030.2855322130827,One year,Fiber optic,0,0,0,0,1,0,Mailed check,1,0,1,0,1,0,0
CUST_00276,53,113.00903505097386,992.2513464482711,Two year,Fiber optic,0,0,0,1,1,0,Electronic check,1,0,0,0,1,0,1
CUST_00277,60,30.5834093828584,788.7177958714663,Month-to-month,DSL,0,0,1,0,1,0,Bank transfer,1,1,1,1,1,1,1
CUST_00278,63,89.89907380395877,5780.711834095459,Month-to-month,Fiber optic,0,0,0,0,0,0,Mailed check,1,0,1,1,1,1,0
CUST_00279,32,38.92215397850059,3418.9379499970273,Month-to-month,Fiber optic,0,0,0,0,1,0,Credit card,0,0,1,0,0,0,0
CUST_00280,33,108.16371327703501,7252.343006795176,One year,No,0,0,0,1,0,0,Electronic check,0,1,1,0,1,1,1
CUST_00281,67,116.13152881849074,5943.403275741433,Month-to-month,No,0,1,0,0,0,0,Credit card,1,0,0,0,1,0,0
CUST_00282,18,66.54700087699835,1610.957301525235,Month-to-month,No,0,0,0,0,0,0,Credit card,1,0,0,0,1,0,1
CUST_00283,25,107.90714802281316,4948.841608644022,One year,No,0,0,0,0,0,0,Mailed check,0,0,1,0,1,0,0
CUST_00284,54,20.514517075471478,3540.4930897454587,One year,DSL,1,1,0,0,0,1,Electronic check,1,0,0,0,1,1,0
CUST_00285,58,101.99469174081001,4660.272873072044,Month-to-month,No,1,0,1,0,1,1,Bank transfer,1,1,0,1,1,1,1
CUST_00286,67,42.86251615249235,5930.746074374286,One year,Fiber optic,0,0,0,0,0,0,Bank transfer,1,0,0,0,1,1,0
CUST_00287,46,110.87013092693678,6468.947459929947,Month-to-month,DSL,0,1,0,1,0,0,Mailed check,0,0,0,0,1,1,1
CUST_00288,24,20.11201114801095,6765.5248786131215,Month-to-month,No,0,0,0,0,0,0,Bank transfer,0,1,1,0,1,0,0
CUST_00289,32,75.6181735039757,2106.4015091189954,Month-to-month,Fiber optic,1,0,0,0,0,1,Bank transfer,0,0,1,0,1,1,0
CUST_00290,47,95.66358037849346,345.81323934712566,Month-to-month,Fiber optic,0,0,0,1,0,0,Credit card,1,1,0,0,1,0,0
CUST_00291,23,45.868833069790796,5940.428407801708,Month-to-month,DSL,1,0,0,0,0,0,Credit card,1,0,0,1,1,1,1
CUST_00292,66,39.31328645872931,940.1154374206193,One year,Fiber optic,0,0,0,1,0,1,Electronic check,0,0,1,1,1,0,0
CUST_00293,27,28.409822446798465,2587.8647500424445,Month-to-month,Fiber optic,1,0,1,0,0,0,Credit card,0,0,1,0,1,1,0
CUST_00294,2,52.6433576503293,130.15535958234244,Month-to-month,No,1,0,1,0,0,0,Bank transfer,1,0,1,1,1,1,0
CUST_00295,17,75.98443123088295,5485.188910972798,Two year,No,1,0,0,0,0,0,Electronic check,1,0,1,0,1,1,0
CUST_00296,33,31.584385678025768,1420.342890622648,Month-to-month,DSL,0,0,1,0,1,0,Electronic check,1,0,1,0,1,1,0
CUST_00297,9,57.66953619867988,5276.7310365641,Month-to-month,Fiber optic,0,0,0,0,1,0,Mailed check,0,1,1,0,1,0,0
CUST_00298,43,20.907240465272498,7934.766675625927,One year,Fiber optic,0,1,0,1,1,1,Credit card,1,0,1,1,1,1,0
CUST_00299,48,101.86794204998418,674.0998857191287,Two year,No,0,0,1,1,0,0,Electronic check,0,0,0,0,1,0,0
CUST_00300,39,32.84487180931914,708.9162944165395,One year,DSL,0,1,0,0,0,1,Bank transfer,0,0,1,0,1,1,0
CUST_00301,42,48.334294826558164,2789.002732066732,One year,Fiber optic,0,0,0,0,1,0,Electronic check,1,1,0,1,1,1,0
CUST_00302,26,21.842771873821746,6944.453462585602,Two year,DSL,0,0,0,0,0,0,Electronic check,0,0,1,0,1,0,0
CUST_00303,50,63.22407838925123,1802.6859634515215,Month-to-month,Fiber optic,0,0,0,1,0,0,Mailed check,0,0,0,0,0,1,0
CUST_00304,25,104.01215027412188,2946.9847774497457,Two year,DSL,0,0,1,0,0,0,Bank transfer,1,0,1,0,1,0,0
CUST_00305,24,59.21512114451966,641.1927123531386,Month-to-month,No,0,0,0,0,0,0,Bank transfer,0,0,0,0,1,1,1
CUST_00306,13,37.94973234238334,6128.926800945226,Two year,DSL,1,0,0,0,0,0,Credit card,1,1,1,0,1,1,0
CUST_00307,60,95.36988340505192,3325.620107799664,Month-to-month,DSL,0,0,0,0,1,1,Bank transfer,0,0,0,0,1,0,0
CUST_00308,7,98.88069818707443,6098.064991180659,One year,Fiber optic,0,0,0,1,0,0,Electronic check,1,0,0,1,1,0,0
CUST_00309,57,37.375347530756684,7238.501970339681,Month-to-month,DSL,0,0,0,0,1,0,Bank transfer,0,0,0,0,1,0,0
CUST_00310,36,97.08541085409898,1938.8288621001811,One year,DSL,1,0,0,0,0,0,Bank transfer,1,0,0,0,1,1,0
CUST_00311,45,114.7297888256338,6478.428639685616,Month-to-month,Fiber optic,0,0,0,0,0,0,Electronic check,0,0,0,0,1,1,1
CUST_00312,20,36.637758693227234,566.8417316182008,Two year,DSL,0,0,0,0,1,0,Mailed check,1,0,0,1,1,0,0
CUST_00313,65,97.09842925321355,7200.894366623954,Two year,Fiber optic,0,0,1,0,1,0,Credit card,1,0,1,1,1,1,0
CUST_00314,8,90.85720046026293,5241.071525714104,Month-to-month,No,0,0,0,0,0,0,Credit card,0,0,0,0,1,0,1
CUST_00315,16,67.35738884350886,7006.391120692977,Two year,DSL,0,0,0,0,0,0,Mailed check,0,1,0,0,1,0,1
CUST_00316,14,25.79204605587983,101.48835649699699,One year,No,1,1,0,0,1,1,Electronic check,1,0,1,1,1,0,0
CUST_00317,15,27.469441775785402,1435.7404558123408,One year,Fiber optic,1,0,1,0,0,0,Credit card,1,0,1,1,1,0,0
CUST_00318,66,105.24146591986477,3179.0991606692874,Month-to-month,No,0,0,1,0,0,0,Mailed check,0,0,0,0,1,0,0
CUST_00319,32,119.0148372750647,3098.072936660277,Month-to-month,DSL,0,0,0,1,1,1,Mailed check,0,0,0,0,1,0,0
CUST_00320,63,87.60522571867544,1891.1700250957342,Month-to-month,No,0,1,0,0,0,1,Mailed check,0,0,1,0,1,0,0
CUST_00321,51,64.59583070103216,3114.734324950881,Month-to-month,Fiber optic,0,0,0,0,0,1,Credit card,0,0,0,0,1,1,0
CUST_00322,25,84.75736434019076,1117.904824802013,Two year,DSL,0,1,0,0,0,0,Credit card,1,0,0,1,0,0,0
CUST_00323,58,79.43958592285453,3360.8129212016056,Month-to-month,No,0,0,0,0,0,1,Credit card,1,0,1,0,1,0,1
CUST_00324,63,58.36122604056218,6438.599200358187,Two year,Fiber optic,1,0,0,0,1,0,Credit card,1,0,0,0,1,0,0
CUST_00325,62,26.562614457401295,3884.6534985164744,Month-to-month,Fiber optic,1,1,1,1,0,0,Bank transfer,1,0,1,0,0,0,1
CUST_00326,22,102.15129474074409,242.20070266719839,Month-to-month,DSL,0,0,0,0,1,1,Mailed check,1,0,0,0,1,0,1
CUST_00327,58,57.18335292387246,3429.4079284760546,One year,DSL,0,0,1,0,0,0,Bank transfer,1,0,1,0,1,0,0
CUST_00328,58,101.87856433570937,314.68262711766886,Two year,Fiber optic,0,1,0,1,0,1,Mailed check,0,0,1,0,1,1,0
CUST_00329,49,45.25087496883822,7733.322944583706,Month-to-month,Fiber optic,0,1,0,0,0,1,Credit card,0,0,0,0,1,1,1
CUST_00330,52,20.10294798456334,1106.8862794406648,Month-to-month,Fiber optic,0,0,0,1,1,1,Credit card,1,0,1,0,1,0,0
CUST_00331,42,35.89382832767565,5690.737778011888,Month-to-month,No,0,0,0,0,1,1,Bank transfer,0,0,1,0,1,0,0
CUST_00332,70,66.85394167685843,7784.932950847478,Month-to-month,DSL,1,1,0,1,0,0,Electronic check,0,0,0,1,1,0,1
CUST_00333,15,114.43036349578298,6625.708508165918,Month-to-month,No,1,0,1,1,0,0,Credit card,0,0,1,1,1,0,1
CUST_00334,54,30.2193619693719,5624.591463497009,Month-to-month,No,0,1,1,1,0,1,Electronic check,0,0,0,0,1,1,0
CUST_00335,60,105.4209774461566,6731.741185056058,Month-to-month,DSL,0,0,1,1,1,1,Mailed check,1,0,1,1,0,1,1
CUST_00336,8,72.7024096211862,7856.209676758958,One year,Fiber optic,0,0,0,1,0,1,Bank transfer,1,0,0,0,1,1,0
CUST_00337,53,102.59207657998967,5008.621528302884,Month-to-month,Fiber optic,0,1,1,0,1,1,Electronic check,0,0,0,0,1,0,1
CUST_00338,60,49.83744309899926,4517.559973951679,Month-to-month,Fiber optic,0,0,0,0,0,1,Electronic check,0,1,0,1,1,1,1
CUST_00339,5,103.99471646724719,5063.081072659923,Month-to-month,No,0,0,0,0,0,1,Credit card,1,0,0,0,0,0,1
CUST_00340,68,97.28227800168045,4308.139505416284,One year,DSL,0,0,0,0,0,0,Electronic check,0,0,0,0,1,0,0
CUST_00341,6,43.00536830314339,5117.203936686778,Two year,Fiber optic,0,0,0,1,0,0,Electronic check,1,0,1,1,1,0,0
CUST_00342,47,33.13351264093781,3653.753442983218,Month-to-month,Fiber optic,1,0,0,0,1,1,Mailed check,1,0,1,1,1,1,1
CUST_00343,55,106.80543225322928,1825.7011447781263,One year,DSL,0,1,0,1,1,0,Bank transfer,0,0,0,0,1,1,0
CUST_00344,40,116.3236653440132,1049.9530894422373,Month-to-month,DSL,0,0,1,1,0,0,Credit card,1,0,0,1,1,0,1
CUST_00345,52,23.130231374751624,639.8933907048571,Month-to-month,Fiber optic,0,0,0,0,0,0,Credit card,1,0,1,0,1,0,0
CUST_00346,16,93.12700669736856,2180.1946916502807,Month-to-month,No,0,1,0,0,0,1,Electronic check,0,0,0,0,1,1,1
CUST_00347,13,110.95245109478184,464.3761582522973,Month-to-month,DSL,0,0,1,0,1,1,Mailed check,0,0,0,0,1,1,1
CUST_00348,30,105.73600920924986,4580.649161363146,One year,Fiber optic,1,0,0,0,0,1,Electronic check,1,0,1,0,1,0,0
CUST_00349,19,116.45204722702086,2342.24473148581,Two year,No,1,0,1,0,0,0,Electronic check,0,0,0,0,1,1,0
CUST_00350,17,96.00940784380971,6613.8249838875545,Month-to-month,Fiber optic,0,1,0,1,0,1,Credit card,1,0,0,0,1,0,0
CUST_00351,63,64.22987623809102,686.5028966082529,One year,No,0,0,0,1,0,1,Electronic check,1,0,1,0,1,1,0
CUST_00352,19,51.19519904951304,1888.1768052977388,One year,No,0,0,0,0,0,0,Electronic check,0,0,1,0,0,0,1
CUST_00353,58,52.07427404381274,5868.944562012152,Month-to-month,DSL,0,0,0,0,0,0,Mailed check,0,0,0,0,1,0,1
CUST_00354,55,92.4422672614117,4830.585541429582,Month-to-month,No,1,0,0,0,0,0,Credit card,1,0,1,0,1,1,0
CUST_00355,62,94.58370120309642,609.4810428684235,Month-to-month,Fiber optic,0,0,0,0,1,0,Bank transfer,1,0,1,1,1,1,1
CUST_00356,23,40.03591435487127,7030.191711581383,Month-to-month,No,0,0,0,0,0,1,Mailed check,1,0,0,0,1,0,0
CUST_00357,9,106.8122813490531,7030.367926326818,Month-to-month,DSL,0,0,1,0,0,0,Mailed check,1,1,0,0,1,0,1
CUST_00358,12,91.49240402022477,2710.2232306186133,Month-to-month,DSL,0,1,0,0,1,1,Mailed check,1,1,0,0,1,0,1
CUST_00359,1,76.27502863433827,2789.2061624615612,Month-to-month,No,1,0,0,0,0,0,Credit card,0,0,0,1,1,0,1
CUST_00360,58,67.15324601025128,7913.324030966373,One year,No,0,0,0,1,1,0,Electronic check,1,0,0,0,0,1,0
CUST_00361,1,74.32328057899582,5046.791755585792,One year,No,1,0,0,0,0,0,Bank transfer,1,1,0,0,1,0,0
CUST_00362,34,35.92457382792645,4297.400512487667,Two year,Fiber optic,0,0,0,0,0,0,Credit card,1,0,0,0,1,1,0
CUST_00363,48,40.370124927627415,6721.402250060203,Month-to-month,No,1,0,1,0,0,0,Electronic check,1,0,1,0,1,0,0
CUST_00364,1,29.116449040619166,2353.7936730228,One year,DSL,0,0,0,0,0,0,Mailed check,1,0,1,0,1,1,0
CUST_00365,16,35.36580381611127,3490.5424878312197,Two year,No,0,0,0,0,1,0,Credit card,1,0,1,0,1,0,0
CUST_00366,61,65.36936346052826,2215.43573635784,One year,DSL,1,0,0,0,0,0,Electronic check,0,0,1,1,1,0,0
CUST_00367,64,73.0354393728256,6334.370688050978,Month-to-month,Fiber optic,0,0,0,0,0,1,Bank transfer,1,0,1,0,1,0,1
CUST_00368,63,21.78618924783194,4629.459830518223,One year,Fiber optic,0,0,1,0,0,0,Bank transfer,0,0,1,1,1,1,0
CUST_00369,69,99.67978278640275,5304.718054106557,Month-to-month,DSL,0,0,0,0,0,0,Electronic check,0,0,0,1,1,0,0
CUST_00370,22,49.41679733434779,2093.2272737313115,Month-to-month,No,1,0,0,0,0,1,Credit card,1,0,0,1,1,0,0
CUST_00371,67,111.18360349599111,1839.7798808807893,Month-to-month,Fiber optic,0,0,0,0,0,0,Mailed check,0,0,1,1,1,1,0
CUST_00372,26,116.75112636137777,3958.159568965216,One year,DSL,1,0,0,0,0,1,Electronic check,1,0,0,1,1,1,0
CUST_00373,16,38.54588746766544,5926.769417833331,Month-to-month,Fiber optic,0,0,0,1,1,1,Mailed check,1,0,0,0,0,1,0
CUST_00374,51,66.20972907656606,4249.394084409265,Two year,No,0,1,0,1,0,0,Bank transfer,0,0,1,0,1,0,0
CUST_00375,57,20.123183516642587,357.900852610782,One year,DSL,1,0,1,0,1,1,Electronic check,1,0,1,0,1,0,0
CUST_00376,29,79.83272651224269,6961.556899930281,Month-to-month,Fiber optic,0,0,1,0,1,1,Bank transfer,1,0,1,1,1,1,1
CUST_00377,69,80.73064482626712,611.0264587695394,Two year,Fiber optic,1,0,0,0,0,1,Mailed check,1,0,0,0,1,0,0
CUST_00378,47,44.753995560337515,7651.013421393943,Month-to-month,Fiber optic,1,0,0,1,1,1,Mailed check,1,0,0,0,1,0,0
CUST_00379,62,75.84126725831979,298.62147039045453,Two year,DSL,0,0,0,0,1,0,Electronic check,1,0,1,0,1,0,0
CUST_00380,69,42.55401424437355,5586.158603432599,Month-to-month,Fiber optic,0,1,1,0,0,1,Electronic check,0,0,0,1,1,1,1
CUST_00381,16,36.08254690781901,749.4358033230751,Month-to-month,Fiber optic,0,0,1,0,1,0,Electronic check,0,0,0,1,1,0,0
CUST_00382,48,85.15194668022647,7294.344977537603,One year,No,1,1,1,0,0,0,Bank transfer,1,0,0,0,1,1,0
CUST_00383,39,52.59254639520749,3769.022566181788,One year,No,1,1,0,0,0,0,Mailed check,1,0,1,0,1,0,0
CUST_00384,33,79.02639388856224,1186.4378210544216,One year,DSL,0,0,0,0,1,0,Mailed check,0,0,1,0,1,1,0
CUST_00385,23,63.32467489716556,2792.444028339788,Two year,No,0,0,1,0,0,0,Bank transfer,1,0,1,0,1,1,0
CUST_00386,10,118.4351407402904,1402.1149352394202,One year,Fiber optic,0,0,0,1,0,1,Electronic check,1,0,0,0,1,0,0
CUST_00387,69,34.95806426675658,1447.5971013010112,One year,DSL,1,0,0,0,0,1,Credit card,1,0,0,0,1,0,0
CUST_00388,34,66.45985966358101,7590.055729354393,Two year,DSL,0,1,0,0,1,0,Electronic check,1,0,0,1,1,1,0
CUST_00389,52,88.04566263593253,3617.4442870498265,One year,DSL,0,0,0,0,1,1,Credit card,1,1,1,0,1,0,0
CUST_00390,10,59.55450838799687,6331.5378848523405,Month-to-month,Fiber optic,0,1,0,0,0,1,Credit card,1,0,0,0,1,1,0
CUST_00391,19,117.46998518706899,5152.883933303687,Two year,DSL,1,0,0,0,1,0,Bank transfer,1,0,0,1,1,1,0
CUST_00392,58,92.18876279269351,5443.768262473299,Month-to-month,DSL,0,1,0,1,0,0,Mailed check,1,0,1,0,1,0,0
CUST_00393,1,85.69838575644931,1140.3781639291042,One year,DSL,0,1,1,0,0,1,Mailed check,1,0,0,0,0,0,0
CUST_00394,69,95.70592676112233,1950.0571298423367,Two year,Fiber optic,0,0,0,1,1,1,Mailed check,1,0,1,0,1,0,0
CUST_00395,4,115.2648638038717,6315.327647720052,One year,Fiber optic,0,0,0,0,1,1,Mailed check,1,0,1,1,0,1,0
CUST_00396,16,110.78186529846401,7769.0530311507855,One year,Fiber optic,1,0,0,0,0,1,Bank transfer,0,0,0,0,1,0,0
CUST_00397,24,92.42853081264118,2175.1375765293487,One year,Fiber optic,1,1,0,1,0,0,Credit card,0,0,0,0,1,1,0
CUST_00398,2,94.9161639101283,2245.3932415332147,Month-to-month,DSL,0,1,0,0,1,0,Mailed check,1,0,0,1,1,1,0
CUST_00399,32,34.59220740351455,3835.8873492061484,Two year,Fiber optic,0,1,0,0,1,0,Credit card,0,0,0,1,1,0,0
CUST_00400,24,30.279240449266567,7872.338471557959,Month-to-month,No,0,0,0,0,1,0,Bank transfer,0,0,0,0,1,0,1
CUST_00401,12,77.09045018441643,2224.7756720291213,Month-to-month,Fiber optic,0,0,0,0,0,1,Electronic check,0,0,1,1,1,0,1
CUST_00402,50,21.836763694054,3315.0780861106846,Month-to-month,Fiber optic,1,1,1,0,1,1,Bank transfer,0,0,0,1,1,1,0
CUST_00403,35,68.23563815515917,7142.692123425703,Month-to-month,DSL,0,0,0,0,1,0,Mailed check,0,0,1,1,1,0,0
CUST_00404,33,41.034957991886856,123.07615770875987,Month-to-month,Fiber optic,0,1,0,0,0,1,Electronic check,0,0,0,1,1,0,0
CUST_00405,33,54.601656764483955,414.15112340969944,Two year,DSL,0,0,0,0,1,0,Bank transfer,1,0,0,0,1,1,0
CUST_00406,61,97.5804735792956,4872.166248862632,Month-to-month,DSL,0,0,1,0,1,1,Bank transfer,1,0,0,0,1,0,0
CUST_00407,51,114.12375042323865,7268.303301231491,Month-to-month,Fiber optic,0,0,0,1,1,1,Credit card,1,0,1,0,1,0,0
CUST_00408,43,27.24162721463415,1986.9676171752285,Month-to-month,Fiber optic,0,0,1,1,1,1,Bank transfer,0,0,0,0,1,0,0
CUST_00409,12,73.4242205976445,3810.170019977601,Month-to-month,Fiber optic,0,0,1,0,1,1,Electronic check,1,0,1,1,1,1,0
CUST_00410,67,108.25334858196,3658.6758830967647,One year,Fiber optic,1,0,1,1,1,0,Bank transfer,1,0,1,1,1,0,0
CUST_00411,65,28.25085344404213,3836.4736341545304,Month-to-month,Fiber optic,0,0,1,0,0,1,Mailed check,1,0,1,0,1,0,1
CUST_00412,33,102.45140468968339,5017.905596264987,Month-to-month,Fiber optic,0,0,0,1,1,1,Credit card,0,0,1,0,1,1,1
CUST_00413,40,55.78013509282714,3810.9757276264017,Month-to-month,Fiber optic,1,0,0,0,1,0,Electronic check,1,0,0,0,1,0,1
CUST_00414,43,52.209470221933536,3634.998316447417,Month-to-month,DSL,0,0,1,0,1,1,Electronic check,1,1,1,0,1,1,0
CUST_00415,44,117.74663863147858,3846.878521406958,Month-to-month,DSL,1,1,0,1,0,1,Bank transfer,1,0,1,1,1,0,1
CUST_00416,29,40.08590898622941,4767.852786041228,Month-to-month,DSL,0,0,0,0,0,0,Mailed check,1,0,1,0,1,0,0
CUST_00417,13,89.31939408226809,4342.359157975731,One year,Fiber optic,0,1,0,0,0,0,Credit card,1,0,0,0,1,0,0
CUST_00418,12,102.14407280098665,6847.674381438984,Two year,Fiber optic,0,0,0,1,1,1,Electronic check,1,0,1,0,1,0,1
CUST_00419,46,24.118349527927165,491.0251425999663,Month-to-month,No,0,0,1,1,1,1,Credit card,1,0,0,0,1,0,1
CUST_00420,2,87.03854583544123,6683.204864636798,Two year,DSL,0,0,0,1,0,0,Bank transfer,0,0,0,1,1,0,0
CUST_00421,35,115.15499743553269,6767.00443963262,Month-to-month,No,1,0,0,0,0,0,Mailed check,1,0,1,0,1,0,0
CUST_00422,8,32.42199667280593,2350.7733700945905,Month-to-month,Fiber optic,0,0,1,0,0,0,Bank transfer,1,0,1,1,1,0,1
CUST_00423,26,109.62213026850382,3756.53044462522,Two year,DSL,0,0,1,0,0,1,Credit card,1,0,1,0,1,0,0
CUST_00424,34,79.4776637376936,3564.4540594457403,Month-to-month,DSL,0,0,0,0,1,1,Bank transfer,0,0,1,0,1,0,1
CUST_00425,7,81.66045818624741,1826.2276913976293,Two year,Fiber optic,0,0,0,0,0,0,Credit card,0,0,0,0,1,0,0
CUST_00426,68,81.29441748656059,3234.6950919819,Month-to-month,DSL,0,0,0,0,0,0,Electronic check,1,0,0,1,1,1,1
CUST_00427,58,49.883588633731385,450.66340014975003,Month-to-month,DSL,0,0,0,0,0,0,Electronic check,1,0,1,0,1,0,0
CUST_00428,29,113.52018152994597,2294.794374975702,Month-to-month,Fiber optic,1,0,0,0,0,1,Bank transfer,1,0,0,0,0,0,0
CUST_00429,36,114.73504626310387,6551.789186060673,One year,Fiber optic,1,0,0,1,1,0,Electronic check,1,0,1,0,1,1,0
CUST_00430,21,82.53046602139477,2348.0421839268906,One year,No,0,0,0,1,0,0,Credit card,0,1,0,0,1,0,0
CUST_00431,36,98.34227259416147,6563.832683111155,One year,No,0,0,0,1,1,0,Electronic check,1,0,0,0,1,0,1
CUST_00432,10,81.2257985881158,4299.635770375004,Month-to-month,Fiber optic,1,0,0,1,0,1,Mailed check,1,0,1,0,1,0,0
CUST_00433,24,68.43984475740406,7050.915151153164,Month-to-month,Fiber optic,1,1,0,0,0,0,Mailed check,1,0,0,0,1,1,0
CUST_00434,64,86.08201182992507,4640.75847868888,Month-to-month,Fiber optic,0,1,0,1,0,0,Bank transfer,0,0,1,0,1,0,0
CUST_00435,49,75.30014525919584,334.37896221144456,Month-to-month,DSL,1,0,0,0,1,1,Bank transfer,1,0,0,0,1,1,0
CUST_00436,36,79.747586263193,5435.819639622005,Two year,Fiber optic,0,0,0,1,0,0,Bank transfer,1,0,0,0,1,1,0
CUST_00437,24,98.3832553418862,454.34318738619237,Month-to-month,No,1,0,0,1,1,0,Bank transfer,1,0,1,1,1,0,1
CUST_00438,23,68.09038314489848,3659.7164499667583,Two year,Fiber optic,0,0,0,1,1,1,Credit card,1,1,0,0,1,1,0
CUST_00439,62,24.075410609247278,7442.470886337601,Two year,Fiber optic,0,0,1,0,0,0,Credit card,0,0,1,1,1,0,0
CUST_00440,37,36.39994809894972,1405.1111207690162,Month-to-month,DSL,1,0,0,0,1,0,Mailed check,0,1,0,0,1,0,0
CUST_00441,12,63.860721648953835,3179.9915882381983,One year,No,0,0,0,0,1,0,Credit card,1,0,0,1,1,0,0
CUST_00442,55,92.48265598740583,5865.896439902979,Month-to-month,DSL,0,0,0,0,0,1,Electronic check,1,0,1,0,1,1,0
CUST_00443,13,79.32786483101788,7069.842593149296,Month-to-month,DSL,0,0,1,0,0,0,Mailed check,0,0,1,0,1,0,1
CUST_00444,23,85.02941858734539,5400.449737465812,Month-to-month,No,1,0,0,0,1,1,Bank transfer,1,0,0,1,1,0,0
CUST_00445,30,67.92789285762873,2139.568708110237,One year,Fiber optic,1,0,0,0,0,0,Bank transfer,1,0,1,1,1,1,0
CUST_00446,17,81.57420219422428,5429.402038038108,Month-to-month,No,1,0,0,0,1,0,Credit card,1,0,1,1,1,1,0
CUST_00447,62,52.90174378146622,2444.148364722311,Month-to-month,Fiber optic,0,0,0,0,0,1,Mailed check,0,1,0,1,1,1,1
CUST_00448,13,67.01825926966652,5775.590915568008,Month-to-month,No,1,0,1,0,0,1,Credit card,1,1,0,0,1,0,0
CUST_00449,59,94.42790655949555,7636.86170792182,Month-to-month,DSL,0,0,0,0,1,0,Credit card,0,0,1,0,1,0,1
CUST_00450,19,107.18327789731212,5799.008263739677,One year,Fiber optic,0,0,0,0,1,1,Credit card,0,0,0,0,1,0,0
CUST_00451,49,63.36553339563889,6916.7559730080575,One year,No,1,0,0,0,0,0,Mailed check,0,0,0,1,1,1,0
CUST_00452,12,24.366165770736117,116.62036108947896,Month-to-month,Fiber optic,0,1,0,1,1,0,Bank transfer,1,0,1,0,1,0,1
CUST_00453,61,36.167254414680265,5768.8197853795955,Month-to-month,Fiber optic,0,0,0,0,0,0,Electronic check,0,0,0,1,1,1,1
CUST_00454,19,22.08611392915381,6653.741699235477,One year,DSL,0,1,0,0,0,1,Bank transfer,1,1,1,0,1,0,0
CUST_00455,9,85.32630192373301,420.41402660298326,Month-to-month,Fiber optic,0,0,0,0,1,0,Mailed check,1,0,1,0,1,1,1
CUST_00456,71,53.23146253551089,6985.622045577022,One year,DSL,1,0,0,0,0,0,Bank transfer,1,0,1,0,1,1,0
CUST_00457,28,74.24786357193675,2127.884403649362,Month-to-month,Fiber optic,0,0,0,0,0,0,Bank transfer,1,0,1,0,1,1,0
CUST_00458,52,69.32768467837997,5355.807605626636,Month-to-month,Fiber optic,1,0,1,0,0,0,Electronic check,1,0,0,1,1,0,1
CUST_00459,16,28.152648955242668,6422.803544284912,Month-to-month,Fiber optic,0,0,0,0,1,1,Bank transfer,1,0,0,0,1,0,1
CUST_00460,69,60.32613611238318,5335.049653168909,Month-to-month,Fiber optic,0,0,1,0,0,1,Bank transfer,1,0,0,1,1,0,0
CUST_00461,12,42.05611249223233,829.0498573787322,One year,DSL,0,1,0,0,0,1,Bank transfer,1,1,1,1,1,0,0
CUST_00462,25,61.83997886676527,4810.93999899691,Month-to-month,No,1,1,1,0,1,0,Credit card,0,0,0,0,1,0,1
CUST_00463,52,40.35782803422427,4441.710888104934,One year,No,0,0,0,0,0,0,Mailed check,0,0,0,1,0,1,0
CUST_00464,53,104.04524062769335,7212.538017786745,Two year,No,1,0,0,0,1,1,Mailed check,1,0,1,0,1,0,0
CUST_00465,23,37.41933365782536,3293.4938641892527,Month-to-month,Fiber optic,0,0,1,0,1,1,Electronic check,1,1,1,0,1,1,0
CUST_00466,16,116.0780551486977,2636.540666987696,One year,DSL,0,0,0,0,0,0,Credit card,1,1,0,0,1,0,0
CUST_00467,57,61.59073661469408,6023.821039048084,Month-to-month,Fiber optic,0,1,0,0,0,1,Credit card,1,0,0,0,1,0,0
CUST_00468,39,104.62452920190493,3360.1350760588334,Month-to-month,Fiber optic,1,1,0,1,0,1,Bank transfer,0,0,1,0,1,0,1
CUST_00469,53,82.8764818205945,5204.159782539998,One year,DSL,1,1,0,0,1,1,Mailed check,1,1,1,1,0,1,0
CUST_00470,42,93.53502986657526,5206.955711984395,Month-to-month,Fiber optic,0,0,0,0,1,0,Electronic check,0,0,0,0,0,0,0
CUST_00471,58,96.77238880667802,7115.50860844493,One year,Fiber optic,0,0,0,1,0,0,Credit card,1,0,0,0,1,1,0
CUST_00472,39,70.48448818930177,4829.66997832087,Month-to-month,No,0,0,0,0,0,0,Bank transfer,1,0,1,0,1,0,0
CUST_00473,14,74.33005233632883,4067.0135186996963,One year,DSL,1,1,0,0,0,0,Electronic check,1,0,1,0,1,1,0
CUST_00474,5,71.3995867808725,1197.0834785324844,Two year,DSL,0,0,0,1,0,0,Credit card,0,0,1,1,1,0,0
CUST_00475,35,78.80583780900793,1014.3270927617724,Two year,Fiber optic,1,0,0,1,0,0,Electronic check,1,0,0,1,1,0,0
CUST_00476,18,22.93944457565073,1319.140365736327,One year,Fiber optic,1,0,0,0,1,1,Credit card,1,0,0,0,1,1,0
CUST_00477,9,59.551516984901525,1457.6030024840468,One year,No,0,1,1,1,0,0,Electronic check,1,0,1,1,1,1,0
CUST_00478,58,80.61887135611715,5139.229032042708,One year,Fiber optic,1,0,0,1,1,0,Credit card,1,0,0,0,1,0,0
CUST_00479,17,79.77235652558643,5953.75187716917,One year,DSL,0,0,0,0,0,1,Credit card,1,0,0,0,1,1,0
CUST_00480,7,99.29560946056316,4286.933031118708,Month-to-month,Fiber optic,0,1,0,1,0,1,Electronic check,1,0,0,0,1,0,1
CUST_00481,46,85.50093388321085,6649.24008710938,Month-to-month,DSL,0,1,0,0,0,1,Credit card,1,0,1,0,1,1,0
CUST_00482,13,119.21333163406723,7930.979491195702,Month-to-month,Fiber optic,0,0,0,0,1,0,Credit card,0,0,1,1,1,0,1
CUST_00483,40,48.385452860864504,6578.0997700429125,Two year,No,1,0,0,1,0,1,Credit card,1,1,1,0,1,0,0
CUST_00484,42,55.915102966623145,5589.570752040077,Month-to-month,No,0,1,0,1,0,0,Electronic check,1,1,1,0,1,0,0
CUST_00485,9,58.38471518677963,4306.692325553458,Month-to-month,No,0,1,0,0,0,0,Electronic check,1,1,1,0,1,1,0
CUST_00486,50,66.58128070202486,3645.939266230195,Month-to-month,Fiber optic,0,0,0,0,1,1,Credit card,1,0,1,0,1,1,0
CUST_00487,27,103.59980637812095,766.6998063018846,One year,No,0,0,0,0,0,0,Credit card,1,0,0,0,0,0,0
CUST_00488,66,43.579209395920984,3255.0131123180586,One year,DSL,0,0,0,0,0,0,Electronic check,1,1,0,0,1,1,0
CUST_00489,5,97.60002070354295,7290.06363057886,Month-to-month,Fiber optic,0,1,0,0,1,0,Bank transfer,1,0,1,1,1,0,0
CUST_00490,29,60.53101830857434,6483.3787762617685,Month-to-month,DSL,0,0,1,1,1,0,Credit card,1,0,0,1,1,1,0
CUST_00491,37,80.18553836620086,1806.805783592329,Two year,Fiber optic,1,0,0,1,0,0,Bank transfer,1,0,1,0,0,0,0
CUST_00492,38,83.25405332263061,3786.2014991080055,Month-to-month,Fiber optic,1,0,0,0,1,1,Electronic check,1,0,0,1,0,0,1
CUST_00493,8,57.28486371889345,6552.1133002125025,Month-to-month,DSL,0,1,0,0,0,0,Credit card,1,0,0,0,1,0,0
CUST_00494,65,71.26152052058052,632.3379828056279,One year,Fiber optic,1,0,0,0,1,1,Bank transfer,1,0,1,0,1,0,0
CUST_00495,17,61.3031174647697,3160.4014267824086,Two year,DSL,0,0,0,0,1,0,Electronic check,1,0,1,0,1,0,0
CUST_00496,71,26.913278618661945,6829.545771304186,Month-to-month,Fiber optic,0,0,0,0,0,0,Bank transfer,1,0,1,0,1,1,1
CUST_00497,45,63.71653888168265,3290.7931269439778,One year,No,0,0,0,0,1,0,Mailed check,0,1,1,1,1,0,0
CUST_00498,4,29.73933925535522,713.1556933783828,Two year,No,0,0,0,0,0,0,Electronic check,0,0,0,0,1,1,1
CUST_00499,36,60.50207990803215,4386.021511404787,Month-to-month,No,0,0,0,0,0,1,Mailed check,0,0,0,1,1,1,1
CUST_00500,70,79.29183998317819,6907.765709854533,Two year,Fiber optic,1,0,0,0,1,0,Electronic check,1,1,1,0,1,0,0
CUST_00501,31,77.94148993435007,4763.255789329962,One year,Fiber optic,0,1,0,0,1,0,Electronic check,0,0,0,0,1,0,1
CUST_00502,19,86.26212790083204,1887.6049548924314,One year,DSL,1,0,0,0,0,1,Credit card,0,0,0,1,1,1,0
CUST_00503,61,29.526150795462627,3135.4929990853125,One year,Fiber optic,0,0,0,0,0,0,Mailed check,0,0,0,0,1,1,0
CUST_00504,54,85.21232455304379,3655.9745533372643,Month-to-month,Fiber optic,1,0,0,0,0,1,Mailed check,1,0,0,0,1,1,0
CUST_00505,39,51.214805669644704,4676.204195182162,Month-to-month,DSL,0,0,0,0,1,1,Mailed check,0,1,1,0,1,1,0
CUST_00506,19,59.90459461371111,6098.873103445643,Month-to-month,DSL,0,0,1,0,1,0,Electronic check,1,0,1,0,1,0,0
CUST_00507,39,105.79862539227058,881.1015793610197,Month-to-month,No,0,1,0,1,1,0,Mailed check,0,1,1,1,1,1,1
CUST_00508,67,20.903040412955026,7128.251060838774,Month-to-month,Fiber optic,0,0,0,0,0,0,Mailed check,1,0,1,0,1,0,1
CUST_00509,45,78.84126333406054,197.24665382699715,Two year,Fiber optic,0,0,0,0,1,1,Credit card,1,0,0,0,1,0,0
CUST_00510,13,79.87139801001075,3023.4134439266163,Two year,Fiber optic,1,1,1,0,1,0,Bank transfer,1,0,0,1,1,1,0
CUST_00511,58,59.665977634356196,316.62044878399547,One year,No,0,0,0,0,1,0,Bank transfer,1,0,0,0,1,1,0
CUST_00512,20,43.702785710833616,3204.4963802278007,Two year,No,1,1,0,0,0,0,Mailed check,1,0,0,0,1,1,0
CUST_00513,72,43.467403826155106,4253.919531099258,One year,No,0,0,0,1,0,0,Mailed check,1,0,0,0,1,0,0
CUST_00514,61,108.37096696607526,4142.282953993943,Month-to-month,No,1,0,0,1,0,0,Mailed check,0,0,0,0,1,1,0
CUST_00515,39,64.20243737828575,1408.4639415232962,Month-to-month,DSL,0,0,0,1,1,1,Mailed check,1,0,1,0,1,1,1
CUST_00516,1,53.08893629891719,5201.350029755337,Month-to-month,DSL,0,0,0,0,0,0,Bank transfer,0,0,1,0,1,1,0
CUST_00517,3,64.8777573831403,453.74975898687893,One year,Fiber optic,1,0,0,0,1,1,Credit card,1,0,1,1,1,0,0
CUST_00518,62,86.93904014593613,6119.063879046082,Month-to-month,DSL,0,0,0,0,0,1,Electronic check,0,0,1,0,1,1,0
CUST_00519,63,34.57565682447517,7578.491028549015,One year,DSL,0,0,1,0,1,0,Mailed check,1,0,0,0,1,0,0
CUST_00520,25,64.94338352137376,2784.1737344938315,Month-to-month,DSL,0,1,0,0,0,0,Mailed check,1,1,0,0,1,1,1
CUST_00521,56,78.78843711103869,4186.191115543223,One year,No,0,0,0,0,0,0,Bank transfer,1,0,0,0,1,1,0
CUST_00522,33,114.85833548514337,3093.3911966646338,Two year,No,0,1,0,1,0,1,Mailed check,1,0,0,1,1,1,0
CUST_00523,38,45.25277820754192,153.01208340207364,One year,No,1,0,0,0,0,0,Credit card,1,0,0,0,1,0,0
CUST_00524,6,55.92507479162455,3148.408572871416,Two year,No,0,0,0,0,0,1,Credit card,1,0,0,0,1,0,0
CUST_00525,58,57.93585899224238,6354.590048164637,Two year,DSL,0,1,0,1,1,1,Mailed check,1,1,1,0,1,0,0
CUST_00526,44,80.55381576448829,4808.311853249506,Two year,Fiber optic,0,0,0,1,0,0,Bank transfer,0,0,1,0,1,0,0
CUST_00527,45,55.67320530400016,899.9533254597555,Two year,Fiber optic,0,1,0,0,0,1,Mailed check,1,1,1,0,1,1,0
CUST_00528,32,73.35119252996955,6792.401968580902,Two year,DSL,0,0,0,1,0,0,Mailed check,1,0,0,0,1,0,0
CUST_00529,45,98.17903298450294,4295.574224593419,One year,DSL,1,0,0,1,0,1,Bank transfer,1,1,1,0,0,0,0
CUST_00530,61,90.53855941122036,6749.614557782941,Month-to-month,Fiber optic,0,0,0,0,0,0,Credit card,1,0,1,0,1,1,0
CUST_00531,47,64.63686465125855,4683.749998401732,Month-to-month,No,1,0,0,0,0,0,Electronic check,0,0,1,0,1,0,0
CUST_00532,21,106.42161776741689,4521.538714219725,One year,Fiber optic,0,0,0,0,0,0,Mailed check,0,0,0,0,1,1,0
CUST_00533,36,75.81402495938629,931.5475630563978,Month-to-month,Fiber optic,0,0,0,0,0,1,Credit card,1,0,1,0,1,0,1
CUST_00534,19,73.99058395022125,1422.1418917951607,Month-to-month,DSL,0,0,0,0,1,0,Mailed check,1,0,1,1,1,0,0
CUST_00535,20,23.41877659391582,7778.999526323069,Two year,Fiber optic,0,0,0,1,0,1,Electronic check,1,0,0,0,0,1,0
CUST_00536,57,118.66929803571615,1905.045299362689,Two year,Fiber optic,0,0,0,1,0,0,Bank transfer,1,0,0,1,1,0,0
CUST_00537,18,32.29708085296267,7821.871732123906,Two year,Fiber optic,0,0,0,1,0,0,Credit card,1,0,0,0,1,0,0
CUST_00538,47,43.11309124276466,4302.110381541681,Month-to-month,No,1,0,0,1,1,0,Electronic check,0,0,1,1,1,0,1
CUST_00539,49,25.169683724152698,1172.7334718051034,Month-to-month,DSL,0,1,1,1,1,0,Mailed check,0,0,1,0,0,0,0
CUST_00540,14,84.00029668369137,884.4874017541742,Month-to-month,DSL,1,1,0,0,1,0,Electronic check,0,0,0,0,1,1,1
CUST_00541,15,42.470117697267995,1750.0261585753458,Month-to-month,DSL,0,0,0,0,0,0,Credit card,1,0,0,0,1,1,0
CUST_00542,31,38.00104374727235,7412.534907200153,Month-to-month,Fiber optic,1,1,0,0,1,1,Bank transfer,0,1,1,0,1,0,0
CUST_00543,1,28.855558422324137,3371.7867721929915,Month-to-month,No,1,0,0,0,0,0,Mailed check,1,0,0,0,1,1,1
CUST_00544,54,30.330895712401567,3223.9307171440237,Two year,Fiber optic,0,1,0,0,0,0,Bank transfer,1,0,0,0,0,1,0
CUST_00545,3,78.46707004425888,2574.3294624543746,One year,No,1,0,0,0,1,0,Bank transfer,0,0,0,0,1,1,0
CUST_00546,16,88.82078658665954,1261.7886194760483,Month-to-month,DSL,0,0,0,1,0,1,Electronic check,0,1,1,0,1,0,0
CUST_00547,57,59.7378988464401,3954.024457820011,Month-to-month,No,1,0,0,0,1,0,Electronic check,0,0,1,0,1,1,1
CUST_00548,12,67.98970815920732,1127.3774818379957,Month-to-month,Fiber optic,0,0,0,1,0,0,Credit card,1,0,0,0,1,0,1
CUST_00549,16,88.59677359829841,6700.293867420388,Month-to-month,DSL,0,0,0,0,1,0,Credit card,1,0,1,0,1,1,1
CUST_00550,72,21.737979018547964,3026.136191574921,Two year,Fiber optic,1,0,0,0,1,1,Bank transfer,0,0,1,0,1,1,0
CUST_00551,24,52.31306570702785,3060.948185476191,Month-to-month,Fiber optic,0,1,0,0,0,1,Credit card,1,0,0,0,0,0,1
CUST_00552,28,117.30977480703464,3844.6507850169314,Month-to-month,DSL,0,0,1,1,0,0,Bank transfer,1,0,1,0,1,0,1
CUST_00553,8,78.01122296954681,3608.6089340094377,Month-to-month,Fiber optic,1,0,0,0,0,0,Mailed check,1,0,0,0,0,0,1
CUST_00554,36,45.422457989749326,7959.37798716864,Month-to-month,DSL,0,0,0,0,1,1,Bank transfer,1,1,1,0,1,0,0
CUST_00555,8,72.17300466362131,4408.51085762459,One year,Fiber optic,0,0,0,0,0,1,Credit card,1,0,0,1,1,0,0
CUST_00556,58,54.26534881209153,796.7934599399784,One year,Fiber optic,0,0,0,0,1,1,Credit card,1,0,1,0,1,1,0
CUST_00557,60,73.22449888262992,4894.330998457746,One year,No,0,0,1,0,1,1,Bank transfer,1,0,0,1,1,0,0
CUST_00558,50,32.574151180664884,1297.5159136720517,Month-to-month,DSL,1,0,1,0,0,1,Electronic check,0,0,1,0,1,0,1
CUST_00559,28,33.27146538192774,344.4073933776016,One year,DSL,0,0,0,0,0,1,Bank transfer,1,0,0,1,1,0,0
CUST_00560,41,34.35423620393929,7768.86301405026,One year,DSL,0,0,1,0,1,0,Bank transfer,1,0,1,1,1,0,0
CUST_00561,64,113.98197919268418,6210.9572431230545,Two year,No,0,1,0,0,0,0,Electronic check,1,0,0,0,1,0,0
CUST_00562,27,93.28989183413418,7842.8610400687585,Month-to-month,Fiber optic,1,1,0,0,0,0,Mailed check,1,0,1,0,1,1,0
CUST_00563,63,36.238189466232086,3875.239739375715,Month-to-month,DSL,0,0,1,0,0,1,Electronic check,1,1,1,0,1,0,1
CUST_00564,17,38.83490837656014,4304.834496076911,One year,No,0,0,0,0,0,1,Credit card,0,0,0,0,1,1,0
CUST_00565,33,93.08294748708764,1429.8619517611287,One year,DSL,1,0,0,0,1,1,Electronic check,0,0,1,1,1,0,1
CUST_00566,29,35.616384479217395,2050.568670673926,Month-to-month,DSL,0,0,0,0,0,0,Credit card,0,0,0,1,1,1,1
CUST_00567,13,43.45612933348286,6724.538797732343,Month-to-month,DSL,0,0,1,0,1,0,Credit card,1,0,1,1,1,0,0
CUST_00568,46,116.3346832820399,2913.8666122289937,Month-to-month,DSL,0,0,0,0,0,0,Bank transfer,0,0,1,1,1,1,0
CUST_00569,35,45.53065247284319,6631.83829299171,Two year,DSL,0,1,1,0,1,0,Bank transfer,0,0,0,1,1,1,0
CUST_00570,6,86.16323503711467,5701.208421867551,Month-to-month,Fiber optic,0,0,0,1,0,1,Mailed check,0,0,1,0,0,1,0
CUST_00571,69,117.86312874005304,1499.6503096477375,Two year,Fiber optic,0,0,0,0,0,1,Credit card,0,0,0,0,1,1,0
CUST_00572,47,57.42967671397926,4108.826292345962,Month-to-month,No,1,0,1,0,0,0,Bank transfer,0,0,0,0,1,1,1
CUST_00573,25,21.751599086206223,5451.359839997863,Two year,Fiber optic,0,0,0,0,1,0,Credit card,0,0,1,0,0,1,0
CUST_00574,66,44.414729042237425,1956.7939969502183,Two year,DSL,1,0,1,1,1,1,Mailed check,1,0,1,0,1,1,0
CUST_00575,10,103.08771913417054,6662.439233108607,Month-to-month,Fiber optic,0,0,0,0,0,0,Credit card,0,0,0,0,1,1,0
CUST_00576,56,106.46088359550367,4404.138494606976,Two year,DSL,1,0,0,0,0,1,Mailed check,0,0,0,0,1,1,0
CUST_00577,30,96.85193645237912,1405.4121984965652,Month-to-month,Fiber optic,1,0,0,1,0,0,Mailed check,1,0,1,0,1,0,0
CUST_00578,5,31.3109819076573,4705.57696670036,Two year,Fiber optic,0,0,0,1,0,0,Mailed check,1,0,0,1,1,0,0
CUST_00579,33,99.55103716964031,7997.739052831721,One year,No,0,0,0,0,1,0,Bank transfer,0,0,1,0,0,1,0
CUST_00580,65,111.86777969935042,1289.119784140967,Month-to-month,No,0,0,1,0,1,0,Electronic check,0,0,1,0,1,0,0
CUST_00581,18,80.06095425462361,6552.379747944272,One year,DSL,1,0,1,1,0,0,Electronic check,1,0,0,1,0,1,1
CUST_00582,49,114.08753563380648,1737.741125181708,Two year,DSL,1,0,0,0,1,0,Bank transfer,0,0,0,0,1,0,0
CUST_00583,11,102.68388837118775,6280.86780273469,Month-to-month,DSL,0,1,1,0,0,0,Credit card,0,0,1,0,1,0,1
CUST_00584,26,86.69715169909072,5903.165592659165,One year,DSL,0,0,1,0,1,0,Bank transfer,0,1,0,0,1,1,0
CUST_00585,63,77.71852367117481,2473.8661462434156,One year,DSL,0,1,0,1,0,0,Credit card,0,0,1,0,1,0,0
CUST_00586,59,54.85736672419705,2674.0026287591536,Two year,Fiber optic,1,1,0,0,0,0,Mailed check,1,0,1,1,1,0,0
CUST_00587,27,35.92874452428052,6360.918996507061,Month-to-month,DSL,0,0,1,0,0,0,Bank transfer,1,0,1,0,1,0,0
CUST_00588,49,80.49539226905408,3745.41954390977,Month-to-month,No,0,0,0,1,0,1,Electronic check,1,0,0,0,1,0,1
CUST_00589,33,51.81115536181195,5873.462426823289,Month-to-month,No,0,1,1,0,1,1,Credit card,1,0,0,0,1,1,1
CUST_00590,1,106.64386675276454,1269.0747641900946,One year,Fiber optic,0,0,1,0,1,0,Bank transfer,1,0,1,1,1,0,0
CUST_00591,21,119.33369373586285,6835.206477022272,Month-to-month,DSL,1,0,1,0,0,0,Bank transfer,1,1,1,0,1,1,0
CUST_00592,55,95.24277626155725,5715.989261790321,Two year,DSL,0,1,0,1,1,0,Credit card,1,1,1,1,1,0,0
CUST_00593,6,29.048169528705074,7264.848189795188,Month-to-month,DSL,0,0,0,0,0,0,Mailed check,0,1,0,0,1,1,1
CUST_00594,69,48.86855955306381,1145.7417943762823,One year,Fiber optic,0,0,0,0,1,1,Mailed check,1,0,1,1,1,0,0
CUST_00595,5,30.910963176574974,4784.814552848721,Month-to-month,DSL,0,0,0,0,0,1,Mailed check,1,1,0,1,1,0,1
CUST_00596,3,85.05116477917157,4833.052621818569,Month-to-month,Fiber optic,0,1,0,0,0,1,Mailed check,0,0,1,1,0,0,0
CUST_00597,53,96.51908645557846,2892.3398503195813,Month-to-month,Fiber optic,1,0,0,1,0,0,Credit card,1,0,1,0,1,0,1
CUST_00598,23,112.56748308807119,3721.8847540971365,Month-to-month,DSL,1,0,0,0,0,0,Electronic check,1,0,1,1,1,0,1
CUST_00599,53,63.817234641198766,400.0543499898424,One year,DSL,0,1,1,0,1,1,Bank transfer,1,0,0,0,1,1,0
CUST_00600,37,110.13756495884444,5992.294305153395,Two year,DSL,0,0,0,0,0,0,Bank transfer,0,0,1,1,1,0,0
CUST_00601,17,107.78911590413276,4439.647587285075,One year,No,1,0,0,1,0,0,Mailed check,1,0,0,0,0,0,0
CUST_00602,1,51.71957167653986,556.1543097664728,Two year,Fiber optic,0,0,0,0,0,1,Credit card,1,0,1,0,1,0,0
CUST_00603,51,106.8900625540571,5477.971554387836,Two year,Fiber optic,0,0,0,0,1,1,Electronic check,1,1,0,0,1,1,1
CUST_00604,45,57.56722518817265,3787.5784101263844,One year,DSL,1,0,0,0,1,1,Electronic check,0,0,0,0,1,0,1
CUST_00605,4,49.68692745602808,372.24394945750004,Two year,Fiber optic,1,0,0,0,0,0,Bank transfer,0,0,0,0,1,0,0
CUST_00606,62,84.90746587943931,7759.901042099954,One year,Fiber optic,1,0,0,0,0,0,Mailed check,1,0,1,0,1,0,0
CUST_00607,65,52.83812278850811,7597.985930406579,Month-to-month,Fiber optic,1,1,0,0,1,0,Bank transfer,1,1,1,0,1,1,0
CUST_00608,32,83.02087483291442,4151.929087562861,One year,Fiber optic,1,0,0,0,0,1,Bank transfer,1,0,1,1,1,1,0
CUST_00609,34,80.98318054986945,840.0121235766906,Month-to-month,No,0,0,1,0,0,0,Electronic check,1,0,1,0,1,0,1
CUST_00610,72,76.34389273484588,6061.507650628875,One year,Fiber optic,0,0,1,1,0,1,Credit card,1,1,1,0,1,0,0
CUST_00611,39,58.04197042327977,3986.2556908352594,One year,DSL,0,1,1,0,0,1,Electronic check,1,0,0,1,1,0,0
CUST_00612,26,74.84997216514768,2489.3350784861013,Month-to-month,Fiber optic,0,0,1,1,0,0,Bank transfer,0,0,1,0,1,1,1
CUST_00613,34,79.64854749854216,3982.2036024755985,Month-to-month,DSL,0,0,1,0,1,0,Mailed check,0,0,1,0,1,0,1
CUST_00614,54,74.56868884954734,4227.308748703169,Two year,Fiber optic,0,0,1,1,0,0,Mailed check,1,0,0,0,0,1,0
CUST_00615,3,64.44194527512016,4545.42242227648,One year,DSL,0,0,0,1,1,1,Credit card,1,0,0,0,1,0,0
CUST_00616,50,21.46670570462638,3585.6673378770797,Month-to-month,DSL,0,0,0,1,0,1,Credit card,1,0,0,0,1,0,0
CUST_00617,12,78.7061707701151,4885.466894798547,One year,Fiber optic,0,0,0,1,1,1,Credit card,1,1,0,0,1,0,0
CUST_00618,65,36.844438514271964,7358.004213790381,One year,DSL,0,0,0,0,0,0,Bank transfer,0,1,0,1,1,1,0
CUST_00619,54,84.25759689471896,2961.91788807887,Month-to-month,Fiber optic,0,1,0,0,0,0,Bank transfer,1,0,0,0,1,1,0
CUST_00620,5,95.9344327922866,5833.160059437598,Two year,DSL,1,0,0,0,0,1,Credit card,1,0,1,0,1,1,0
CUST_00621,57,70.04453091307414,7166.175198911435,One year,Fiber optic,0,0,1,0,0,0,Mailed check,1,1,0,1,1,0,0
CUST_00622,17,74.23636649797383,3702.2362785035016,Month-to-month,No,0,0,1,0,0,1,Mailed check,0,0,0,0,1,0,0
CUST_00623,47,115.14785596659911,3603.3011074170427,Two year,Fiber optic,1,1,0,1,1,1,Mailed check,1,0,1,0,1,0,0
CUST_00624,23,104.71673613725741,4856.724184302759,Two year,DSL,0,0,0,0,0,0,Bank transfer,1,0,1,1,1,0,0
CUST_00625,14,111.42365159514699,4772.113399437656,Month-to-month,Fiber optic,0,1,1,0,1,0,Electronic check,1,0,0,0,1,0,1
CUST_00626,66,101.37662883195864,6472.055804377588,Month-to-month,Fiber optic,0,1,0,1,1,0,Mailed check,1,0,1,1,1,0,0
CUST_00627,51,30.891834184673144,3864.218731848512,Month-to-month,DSL,0,0,0,0,0,0,Mailed check,0,0,0,0,1,0,0
CUST_00628,38,34.89918559701947,7969.371302151585,One year,No,1,0,0,0,1,1,Mailed check,0,0,0,1,1,0,0
CUST_00629,64,72.66237972689595,569.8253940515181,One year,Fiber optic,0,0,0,1,0,1,Credit card,0,1,0,0,1,1,0
CUST_00630,38,44.60696587979982,125.02600378754373,One year,Fiber optic,0,0,0,0,0,1,Bank transfer,1,0,1,0,0,0,0
CUST_00631,50,67.66954750411591,5157.566661321028,Two year,Fiber optic,0,0,1,0,0,1,Credit card,1,0,1,0,1,1,0
CUST_00632,30,59.43653238183502,2457.635807658826,One year,Fiber optic,0,0,0,1,0,0,Credit card,1,1,1,1,1,0,0
CUST_00633,51,74.94142384304533,1999.0208707259221,Month-to-month,Fiber optic,0,1,0,1,0,0,Electronic check,0,0,1,1,1,1,1
CUST_00634,63,94.68757161358226,2564.002732033816,Month-to-month,DSL,0,0,0,1,1,1,Credit card,1,0,1,0,1,0,0
CUST_00635,52,91.54909070992744,2122.775764329139,Month-to-month,Fiber optic,0,1,0,0,0,0,Electronic check,1,0,1,1,1,0,1
CUST_00636,38,72.12341324853344,343.24139231753804,Month-to-month,Fiber optic,0,0,1,1,0,1,Credit card,0,0,1,0,1,1,0
CUST_00637,30,102.23934188170581,7775.111034885651,One year,DSL,0,0,0,0,1,1,Mailed check,1,0,0,0,1,0,1
CUST_00638,51,63.08620915380333,1843.8893587769758,Two year,Fiber optic,0,1,0,0,0,0,Bank transfer,0,0,0,0,1,1,0
CUST_00639,5,109.67142898401224,5898.83512445552,Month-to-month,Fiber optic,0,0,0,0,0,0,Credit card,0,0,1,1,1,1,1
CUST_00640,29,27.12802700551639,6124.511518083985,One year,Fiber optic,1,0,0,0,1,0,Electronic check,0,1,1,1,1,0,0
CUST_00641,4,115.46600300333074,7441.1334442571115,One year,DSL,0,0,0,0,0,1,Bank transfer,1,0,1,0,1,1,0
CUST_00642,10,85.46930814313482,341.3407110377018,Month-to-month,Fiber optic,0,0,0,0,0,0,Electronic check,1,0,0,1,0,1,0
CUST_00643,56,58.00745089372053,6989.181873731361,Month-to-month,DSL,0,0,0,0,0,1,Mailed check,0,0,1,0,1,0,1
CUST_00644,17,39.715412657287736,4265.086828634422,Month-to-month,Fiber optic,0,0,0,0,0,0,Credit card,1,0,1,0,1,1,1
CUST_00645,17,67.91832294436,5097.098468730041,Month-to-month,DSL,1,0,0,1,1,1,Bank transfer,1,0,0,0,1,1,1
CUST_00646,69,39.4558323185301,5191.315189256166,Two year,Fiber optic,0,1,1,0,1,0,Mailed check,1,0,1,1,1,0,0
CUST_00647,34,36.63316077431422,6576.402659379348,Month-to-month,DSL,1,0,1,0,0,0,Credit card,0,0,1,0,0,0,0
CUST_00648,6,81.73517574129741,2733.917845056973,Month-to-month,No,0,1,0,0,0,1,Credit card,1,0,0,0,1,0,0
CUST_00649,53,72.30847245817847,5891.104399893948,Month-to-month,DSL,1,0,0,0,0,1,Electronic check,1,0,1,0,1,1,0
CUST_00650,66,87.00960346109417,4275.767066805357,Two year,Fiber optic,0,0,0,0,1,0,Electronic check,0,0,0,0,1,1,0
CUST_00651,43,112.96058774219892,6367.812713012247,Month-to-month,Fiber optic,1,0,1,0,0,1,Mailed check,0,1,0,0,1,1,0
CUST_00652,23,73.22602133390401,7925.313658884054,Month-to-month,Fiber optic,0,0,0,0,0,1,Electronic check,1,0,1,0,1,0,0
CUST_00653,55,78.09320532627977,1685.1430374897138,Month-to-month,Fiber optic,0,1,0,1,1,0,Mailed check,0,0,0,1,1,0,0
CUST_00654,16,28.962633915494212,7957.724268323983,Month-to-month,Fiber optic,0,0,0,0,1,0,Mailed check,1,0,0,0,1,1,0
CUST_00655,8,91.76357859086295,809.5160188339146,Month-to-month,No,0,0,1,0,0,1,Mailed check,0,0,0,0,0,0,1
CUST_00656,4,59.99052068041562,118.30862844802954,One year,Fiber optic,1,0,0,0,0,0,Electronic check,1,0,0,1,1,1,0
CUST_00657,4,117.67252386625789,448.87929580486696,Month-to-month,DSL,0,0,0,0,0,0,Bank transfer,0,0,0,0,1,1,0
CUST_00658,56,102.31740155956602,2800.0809974204176,Month-to-month,DSL,0,1,0,0,0,1,Mailed check,0,0,0,1,1,0,1
CUST_00659,25,72.24810405161183,5099.96001235963,Two year,DSL,0,1,0,0,1,0,Bank transfer,0,0,1,0,1,0,0
CUST_00660,67,32.322265417216606,645.3333730140121,Month-to-month,Fiber optic,0,0,0,0,1,0,Credit card,1,0,1,0,1,0,0
CUST_00661,67,105.94157932805892,144.75993478358143,Month-to-month,No,0,0,1,1,1,1,Electronic check,1,0,0,0,1,1,1
CUST_00662,27,99.97810954240217,7503.019124824479,Month-to-month,Fiber optic,0,0,1,0,0,0,Electronic check,0,0,0,1,1,1,1
CUST_00663,32,38.4585129537033,6593.220423925444,Two year,DSL,0,0,0,0,0,1,Bank transfer,0,0,0,1,0,1,0
CUST_00664,50,49.527828922031006,6492.5470519983455,Month-to-month,No,1,1,1,1,0,1,Credit card,1,0,0,0,1,0,0
CUST_00665,61,99.34072581478372,7086.951776465619,Two year,DSL,0,0,0,0,0,0,Credit card,1,1,1,0,1,0,0
CUST_00666,51,38.522844654740965,5630.270754899625,One year,DSL,0,0,0,1,1,0,Mailed check,1,0,1,0,1,1,0
CUST_00667,19,111.77524891713773,924.7926250098434,Month-to-month,Fiber optic,1,0,0,0,0,0,Electronic check,0,0,1,0,1,0,0
CUST_00668,21,62.45274251963619,3252.891485782412,Two year,Fiber optic,0,1,1,0,0,0,Credit card,1,1,0,0,0,1,0
CUST_00669,5,28.703896258765866,5812.880943070573,Month-to-month,DSL,0,0,0,1,0,1,Credit card,1,0,1,0,1,0,1
CUST_00670,42,101.57486435042809,2314.642240253015,Month-to-month,Fiber optic,0,0,0,1,0,1,Mailed check,1,0,0,0,1,0,1
CUST_00671,61,57.35096830383876,5530.510276676277,Two year,No,0,0,1,1,0,0,Mailed check,1,0,1,0,1,0,0
CUST_00672,22,72.6499194153781,293.53774131445357,One year,Fiber optic,0,0,0,0,1,0,Bank transfer,0,0,1,1,1,0,0
CUST_00673,21,31.230434441121915,2518.4849929487864,One year,Fiber optic,1,1,0,1,0,0,Electronic check,0,0,1,0,1,1,0
CUST_00674,70,20.25840148449824,4438.129656589664,Month-to-month,Fiber optic,0,0,0,1,1,0,Credit card,1,1,0,0,1,0,0
CUST_00675,1,83.79852057932976,5093.509653099314,Month-to-month,Fiber optic,0,0,0,0,0,0,Bank transfer,1,0,0,0,1,1,1
CUST_00676,5,71.51751703337317,4658.621249249096,One year,DSL,1,0,1,0,0,0,Electronic check,1,0,1,0,1,0,1
CUST_00677,12,79.35385691231471,5612.274580980093,Month-to-month,DSL,1,0,0,0,1,1,Bank transfer,1,0,0,1,0,0,0
CUST_00678,46,99.37438503805163,148.10111109472865,Month-to-month,DSL,0,0,0,1,0,0,Electronic check,1,0,0,0,1,0,0
CUST_00679,34,84.66059134228601,897.4354798224198,Month-to-month,No,0,0,0,0,1,0,Electronic check,1,0,1,0,0,0,1
CUST_00680,49,37.47734428273772,6964.659593005246,Month-to-month,No,0,0,0,0,0,1,Credit card,1,0,0,0,1,0,1
CUST_00681,45,56.07725191105998,5485.814288312274,Two year,No,1,0,0,0,0,0,Electronic check,0,0,1,1,1,1,0
CUST_00682,27,110.58911047877604,992.1599772194893,Month-to-month,Fiber optic,1,0,0,0,1,0,Mailed check,0,0,0,0,1,0,0
CUST_00683,26,96.9944700251679,6752.388055448776,Two year,DSL,0,1,1,0,1,0,Credit card,1,0,1,0,1,0,0
CUST_00684,47,75.66370579367172,2013.6266208140787,Month-to-month,Fiber optic,0,0,0,0,1,0,Mailed check,0,0,0,0,1,0,1
CUST_00685,56,45.56449978092723,3878.2530851422653,One year,Fiber optic,0,0,0,1,0,0,Bank transfer,0,0,1,0,1,0,0
CUST_00686,63,50.206050183479505,1247.0524517888164,Month-to-month,DSL,1,0,0,0,0,1,Bank transfer,0,0,0,0,1,0,1
CUST_00687,48,93.19580675856345,5709.869445731482,Month-to-month,Fiber optic,0,0,0,1,1,0,Electronic check,0,1,1,0,1,1,0
CUST_00688,61,105.11742608527709,5368.149926012716,Month-to-month,Fiber optic,0,0,0,0,1,1,Electronic check,0,0,1,1,1,0,0
CUST_00689,26,87.14246695306144,1767.7885222124758,Month-to-month,Fiber optic,1,1,0,0,0,0,Mailed check,1,0,0,1,1,0,0
CUST_00690,36,100.95299757684418,6920.866058170314,Month-to-month,Fiber optic,0,0,1,0,0,0,Mailed check,1,0,0,0,1,1,0
CUST_00691,1,96.6656135200406,3270.3175913357263,Two year,No,0,0,0,0,1,0,Mailed check,1,0,0,0,1,0,0
CUST_00692,8,34.97039679569578,2410.8692194588602,One year,Fiber optic,0,0,0,0,0,0,Bank transfer,1,0,0,0,1,0,0
CUST_00693,52,62.3944812913302,1303.4037567698301,Month-to-month,Fiber optic,0,0,0,1,0,0,Mailed check,1,0,1,0,1,0,0
CUST_00694,47,35.29838008285627,2202.727298872746,Month-to-month,DSL,0,0,1,0,1,0,Credit card,0,0,0,0,1,0,0
CUST_00695,56,43.52355848019848,274.0126776681543,Month-to-month,Fiber optic,0,0,0,0,0,0,Credit card,1,1,1,0,0,0,0
CUST_00696,14,106.92596246510526,4707.734190403313,One year,No,0,0,0,0,0,0,Bank transfer,0,1,1,0,1,1,0
CUST_00697,28,67.28919656331821,6753.622896117188,One year,Fiber optic,1,0,0,0,1,0,Mailed check,1,0,0,0,1,1,0
CUST_00698,2,73.53581018426608,4436.94555058897,Two year,DSL,0,1,0,1,0,0,Mailed check,1,0,1,0,1,1,0
CUST_00699,26,37.84459652277721,1832.2642991986181,Month-to-month,DSL,0,1,0,0,1,0,Electronic check,1,1,0,0,1,0,1
CUST_00700,14,51.2271786048796,365.98650788959446,Month-to-month,No,0,0,1,0,0,1,Credit card,1,0,0,0,1,1,0
CUST_00701,59,43.024616842787,1795.5617787445424,Month-to-month,DSL,1,0,0,0,0,1,Bank transfer,1,0,0,1,1,0,0
CUST_00702,56,40.61861645184264,3387.359281761629,One year,No,1,1,0,0,0,0,Mailed check,1,0,1,0,1,0,0
CUST_00703,7,83.79607933159701,6100.930286728392,One year,Fiber optic,0,0,0,0,1,0,Electronic check,0,0,0,1,1,0,0
CUST_00704,3,45.68838476457148,1583.9585350484153,One year,Fiber optic,0,0,0,0,0,0,Bank transfer,1,0,1,0,1,0,0
CUST_00705,23,83.20154860204184,5786.35248150202,One year,Fiber optic,0,1,0,0,0,1,Bank transfer,1,1,0,1,1,1,0
CUST_00706,18,25.845461410855393,6948.774399979881,Month-to-month,No,0,1,0,0,0,0,Credit card,0,1,1,0,1,1,0
CUST_00707,38,34.17743935271019,3686.180100056021,One year,Fiber optic,0,0,0,0,0,1,Mailed check,0,0,1,1,1,1,0
CUST_00708,15,47.45402540001254,6589.312733976487,Month-to-month,Fiber optic,1,0,0,1,0,0,Bank transfer,1,0,0,0,1,1,1
CUST_00709,64,79.70469168956916,4481.793049477255,One year,Fiber optic,1,0,0,0,0,0,Electronic check,0,0,1,0,1,1,0
CUST_00710,28,87.5841245087376,5133.017612939149,Month-to-month,Fiber optic,0,0,0,1,0,0,Electronic check,0,0,1,0,1,0,1
CUST_00711,39,64.27169667795272,4257.599836671801,Month-to-month,Fiber optic,1,0,1,1,0,0,Bank transfer,1,0,0,0,1,0,0
CUST_00712,57,64.5790914577229,3759.0644623355997,Two year,No,1,0,0,0,1,1,Electronic check,0,0,0,0,1,1,0
CUST_00713,17,92.45168513986181,1953.76219002921,Two year,DSL,0,0,0,0,1,0,Bank transfer,1,0,0,0,1,0,0
CUST_00714,44,21.582109176558244,2495.233069742264,Two year,DSL,0,0,1,0,0,0,Electronic check,1,0,1,0,1,1,0
CUST_00715,25,54.10900244742206,2390.7639396545114,Month-to-month,DSL,1,0,0,0,0,0,Bank transfer,1,1,1,0,1,0,1
CUST_00716,17,101.87070571192328,4549.982554535136,One year,Fiber optic,0,0,1,0,1,1,Bank transfer,0,1,0,0,1,0,0
CUST_00717,13,80.32194102133722,1047.6341748887303,Month-to-month,Fiber optic,1,0,1,0,1,0,Bank transfer,1,0,0,0,1,0,0
CUST_00718,25,53.722713275542034,7342.654356548447,Two year,Fiber optic,1,0,1,0,0,0,Electronic check,1,0,0,0,1,1,0
CUST_00719,68,110.55247923296739,5793.175647736594,Month-to-month,Fiber optic,0,1,1,1,1,0,Bank transfer,0,0,1,1,1,0,0
CUST_00720,10,97.26227274493826,3271.42048421423,Two year,DSL,1,0,0,0,0,0,Credit card,0,0,1,1,1,1,0
CUST_00721,67,46.48954472367334,1353.130741758386,Two year,Fiber optic,1,1,0,0,0,1,Bank transfer,1,1,1,1,1,0,0
CUST_00722,18,84.52898375257169,7067.738140800923,One year,Fiber optic,0,1,0,0,0,0,Mailed check,0,0,0,1,1,1,0
CUST_00723,34,79.57507281889568,6607.846911799205,Month-to-month,DSL,0,0,0,0,1,0,Mailed check,0,0,0,0,1,0,0
CUST_00724,8,60.11879140389827,5801.600266465716,Month-to-month,No,0,0,0,0,0,0,Credit card,0,0,0,1,1,0,1
CUST_00725,40,56.695607920480064,2245.2216745488145,Two year,No,0,1,0,1,1,1,Bank transfer,0,0,1,0,1,0,0
CUST_00726,42,54.35604747757039,3279.3284357259845,Month-to-month,No,0,0,0,1,0,0,Mailed check,0,0,0,0,1,0,0
CUST_00727,41,81.71557833956467,911.7111943741445,Two year,No,0,0,1,1,0,0,Bank transfer,1,0,0,1,1,0,0
CUST_00728,6,64.24099364806695,1593.4122453475006,Month-to-month,Fiber optic,0,0,1,0,0,1,Mailed check,1,0,1,0,1,1,0
CUST_00729,52,103.1863113251422,6285.8314348021895,Month-to-month,No,0,0,1,0,1,0,Electronic check,0,0,0,0,1,0,1
CUST_00730,26,86.96026161339618,5748.805878920402,Two year,Fiber optic,1,1,0,0,0,1,Electronic check,1,0,0,0,1,0,0
CUST_00731,64,26.993160570943413,4788.537527509884,One year,DSL,1,1,1,0,0,0,Credit card,1,0,1,0,1,0,0
CUST_00732,59,84.01682238281661,7176.241134816765,One year,DSL,1,1,1,0,0,0,Credit card,1,1,0,0,1,0,0
CUST_00733,56,47.11474365001848,4707.805490723059,One year,Fiber optic,0,0,0,0,1,1,Bank transfer,1,0,0,0,1,0,0
CUST_00734,59,79.28119916534227,3789.0471997125246,Month-to-month,No,1,0,0,0,0,1,Credit card,1,0,0,0,1,0,0
CUST_00735,70,88.01319311034514,2788.9288958155253,One year,No,1,0,1,0,0,0,Bank transfer,1,0,0,0,0,0,0
CUST_00736,33,43.08291891540121,7529.543195315763,Month-to-month,Fiber optic,0,0,1,0,0,1,Electronic check,1,0,0,0,1,0,0
CUST_00737,53,65.68586448803686,753.4521460423927,Two year,No,0,0,0,1,1,0,Electronic check,1,0,1,0,1,0,0
CUST_00738,22,39.032486281906785,7454.0102392803865,Two year,Fiber optic,0,0,0,0,1,1,Mailed check,0,0,0,1,1,1,0
CUST_00739,21,25.23388757865083,6631.0458134550445,Month-to-month,DSL,1,0,0,1,1,0,Bank transfer,0,0,1,0,1,0,0
CUST_00740,70,57.84764234858691,1126.4464038320402,One year,DSL,0,0,0,1,0,0,Electronic check,1,0,0,1,1,0,0
CUST_00741,70,56.2944271845992,4563.376425634503,One year,DSL,0,0,1,0,0,1,Electronic check,1,0,0,0,1,0,0
CUST_00742,4,119.5480490704257,6945.7290558177865,Month-to-month,No,0,0,1,0,1,1,Bank transfer,1,0,0,0,1,0,0
CUST_00743,62,64.63523511976422,4617.292392496514,Two year,No,0,0,0,0,0,0,Mailed check,1,1,0,0,1,0,0
CUST_00744,62,53.35695494722004,7266.878590328916,Month-to-month,No,0,0,0,1,0,0,Mailed check,0,0,0,0,1,1,0
CUST_00745,24,78.04750067166746,7549.572152846736,Month-to-month,Fiber optic,0,0,0,0,0,0,Mailed check,1,0,0,0,0,0,0
CUST_00746,55,28.876739410776846,3436.8377252560167,Month-to-month,No,0,1,0,1,1,0,Mailed check,0,1,1,0,1,1,1
CUST_00747,9,116.16657359548132,3080.7779251099564,Month-to-month,Fiber optic,1,1,0,0,0,0,Electronic check,0,0,0,0,1,0,0
CUST_00748,3,83.49600455910331,7496.937116356339,One year,No,0,1,0,1,0,0,Bank transfer,1,0,1,0,1,1,0
CUST_00749,31,95.48378199408478,5433.606483082378,One year,Fiber optic,0,0,0,1,1,0,Bank transfer,0,0,0,0,1,1,0
CUST_00750,40,37.04779381739175,1016.5791826505374,One year,Fiber optic,0,0,0,0,0,1,Electronic check,1,1,0,1,1,0,0
CUST_00751,36,60.94778530052039,434.1048188591815,One year,DSL,0,0,0,0,0,0,Electronic check,1,0,0,0,1,0,0
CUST_00752,24,62.26891133961895,4560.569502878378,Month-to-month,Fiber optic,0,0,0,0,1,0,Electronic check,0,1,0,1,1,0,0
CUST_00753,6,102.18064439010868,7448.3506269635545,Month-to-month,Fiber optic,0,0,0,0,1,0,Credit card,1,0,1,1,1,1,0
CUST_00754,66,20.123667975940943,6769.5647490059655,Month-to-month,Fiber optic,1,1,0,0,1,1,Bank transfer,1,0,1,0,1,0,0
CUST_00755,4,50.08531083532551,5439.197197068258,Month-to-month,Fiber optic,1,0,0,1,1,0,Bank transfer,0,0,0,1,1,0,0
CUST_00756,6,118.12363743443039,1199.0152062395914,One year,Fiber optic,1,1,1,0,0,0,Bank transfer,0,0,0,1,1,0,0
CUST_00757,51,67.48865435062186,2108.427931614695,Month-to-month,Fiber optic,0,1,1,1,1,1,Mailed check,1,0,1,0,1,0,0
CUST_00758,62,58.25262802440083,7016.538689765667,Month-to-month,DSL,0,0,1,1,0,1,Electronic check,1,0,0,0,1,1,1
CUST_00759,57,31.982900201764636,1544.1771695895136,Month-to-month,Fiber optic,1,0,1,0,1,1,Electronic check,0,0,0,0,1,1,1
CUST_00760,66,117.41646286280155,2299.671325178433,Two year,DSL,0,0,0,1,1,1,Electronic check,0,0,0,0,1,0,1
CUST_00761,8,22.002635592582447,1123.8451444439916,Two year,Fiber optic,0,0,0,0,1,1,Credit card,1,0,0,0,1,0,0
CUST_00762,26,93.71802250072432,5441.255028173848,One year,No,0,0,0,1,1,1,Bank transfer,1,0,0,1,1,0,0
CUST_00763,51,96.85998047885084,7557.460212369356,Two year,No,0,0,1,0,1,0,Electronic check,0,0,1,1,1,1,1
CUST_00764,45,44.36567160638666,2224.847449603549,One year,Fiber optic,0,0,1,0,0,0,Credit card,1,0,1,0,1,1,0
CUST_00765,44,87.15584436130374,3855.7122020155825,One year,No,1,0,0,0,1,0,Electronic check,1,0,1,0,1,0,1
CUST_00766,5,29.292914437938993,5111.283943718514,Month-to-month,No,0,0,0,0,0,0,Mailed check,1,1,0,1,1,0,0
CUST_00767,70,45.70472664320799,7995.783360903482,One year,No,0,0,0,0,0,0,Bank transfer,0,0,1,0,0,1,0
CUST_00768,26,98.7901988292265,927.9837134808197,One year,DSL,1,0,0,0,0,0,Credit card,1,0,1,0,1,0,0
CUST_00769,68,106.46861920335402,4038.709316095102,One year,Fiber optic,1,0,0,0,0,1,Electronic check,0,0,1,0,1,0,0
CUST_00770,19,80.84864126597913,3142.4489472297505,One year,DSL,0,0,0,1,1,0,Bank transfer,1,0,0,0,1,0,0
CUST_00771,20,70.68384318204826,6939.979305256606,Month-to-month,DSL,0,0,0,0,1,0,Credit card,1,0,1,0,1,0,1
CUST_00772,12,35.93040206189803,3860.145074992082,One year,DSL,1,1,0,0,0,1,Bank transfer,1,0,0,0,1,0,0
CUST_00773,47,26.310903307915016,976.7224442226699,Two year,Fiber optic,1,0,0,0,0,0,Bank transfer,1,1,1,0,1,1,0
CUST_00774,1,31.764902847355863,5111.950747764011,Month-to-month,No,0,0,0,1,0,0,Mailed check,1,0,0,0,1,0,1
CUST_00775,14,42.73573000960988,6189.16688428465,One year,No,1,0,1,1,1,0,Bank transfer,1,0,0,0,1,0,0
CUST_00776,64,54.16745018969208,122.76188815835528,Month-to-month,Fiber optic,0,0,0,0,0,1,Credit card,0,0,0,0,1,0,0
CUST_00777,38,58.090952551098724,6885.757814822973,One year,Fiber optic,0,0,1,0,1,0,Bank transfer,1,0,1,1,1,1,0
CUST_00778,37,54.63217685890035,1569.5817000447585,One year,Fiber optic,0,0,1,0,1,1,Credit card,0,0,0,0,1,0,0
CUST_00779,11,43.905533219726564,4461.347980761685,Month-to-month,No,0,0,0,0,0,0,Bank transfer,0,0,1,0,1,0,1
CUST_00780,3,70.9724246751698,3384.800255430856,One year,DSL,1,0,0,1,1,0,Electronic check,1,0,1,0,0,0,1
CUST_00781,33,102.52861082328968,5785.2651512231905,Month-to-month,DSL,0,0,0,0,1,0,Mailed check,1,0,1,0,1,1,0
CUST_00782,6,47.97035384714792,3032.1767568073606,One year,DSL,0,0,0,1,1,1,Electronic check,1,0,1,1,1,0,0
CUST_00783,50,114.23870191022331,6971.129095785515,Month-to-month,DSL,0,0,1,0,0,1,Mailed check,1,0,1,0,1,0,1
CUST_00784,10,107.33366617238478,5870.921251574443,One year,Fiber optic,0,0,0,1,0,1,Credit card,1,0,1,0,1,0,0
CUST_00785,5,36.17642113521096,5216.93405139708,Month-to-month,DSL,0,1,1,0,1,1,Mailed check,1,0,0,1,1,0,0
CUST_00786,23,98.62759567570944,6390.300704946549,One year,No,0,0,0,1,0,0,Bank transfer,0,0,1,0,1,1,1
CUST_00787,10,77.45873823177666,6056.78197593422,Month-to-month,No,0,1,0,1,1,1,Bank transfer,1,0,1,0,0,1,0
CUST_00788,44,76.65753621714185,383.9155318802714,Two year,No,1,0,0,1,0,0,Electronic check,1,0,0,0,1,0,0
CUST_00789,2,59.10427630581744,3218.4013953741423,Two year,No,0,0,0,0,0,1,Mailed check,0,0,1,1,1,0,0
CUST_00790,13,70.11529991820098,7453.3776488002695,Two year,DSL,0,1,0,0,0,0,Credit card,0,1,0,0,1,0,0
CUST_00791,40,59.717877742921104,1093.221725038587,One year,DSL,1,0,1,0,0,0,Credit card,1,0,0,1,1,0,0
CUST_00792,2,73.97326187599428,5923.062748413205,One year,DSL,0,1,0,0,0,0,Bank transfer,0,0,0,0,1,1,0
CUST_00793,65,82.79500527726358,7799.275309549104,Month-to-month,No,0,0,0,0,0,0,Credit card,0,0,0,0,1,0,1
CUST_00794,63,87.43038064090484,512.3691694552758,Month-to-month,Fiber optic,1,0,0,0,0,0,Bank transfer,0,0,1,1,1,0,1
CUST_00795,17,73.24811925594261,5489.331656950223,Month-to-month,Fiber optic,0,1,0,0,1,1,Bank transfer,0,0,1,0,1,1,1
CUST_00796,9,92.14220673287318,3798.4177162781402,One year,Fiber optic,0,0,1,0,1,0,Bank transfer,1,0,1,1,1,0,0
CUST_00797,15,34.12780492755058,4675.484517460305,Two year,DSL,0,1,1,0,0,0,Electronic check,1,0,1,1,1,0,0
CUST_00798,24,41.198249090223854,774.1965582261663,Month-to-month,Fiber optic,0,0,0,0,0,1,Electronic check,0,0,0,1,1,1,1
CUST_00799,38,101.87350040742702,439.7549197488219,Two year,Fiber optic,1,0,1,0,0,0,Bank transfer,1,0,0,0,1,1,0
CUST_00800,35,52.252797784641515,5368.246618352281,One year,Fiber optic,0,0,0,0,0,1,Bank transfer,0,0,1,0,1,1,0
CUST_00801,49,22.289382497612024,6604.144495583671,One year,Fiber optic,1,1,0,0,0,0,Bank transfer,1,0,1,1,1,1,0
CUST_00802,69,35.37911496680311,6277.921145970441,Month-to-month,No,1,0,0,0,0,1,Credit card,1,1,0,0,1,0,1
CUST_00803,62,42.361443449631125,4396.065250143275,Month-to-month,Fiber optic,0,0,1,1,0,0,Bank transfer,1,0,1,0,1,0,0
CUST_00804,60,115.73228878945872,888.9478869758076,One year,DSL,0,1,0,1,1,0,Bank transfer,1,0,1,0,1,0,0
CUST_00805,50,77.30414289308493,5535.551106304509,One year,DSL,0,1,0,1,0,0,Mailed check,1,0,1,0,0,1,0
CUST_00806,9,113.27307404762549,2010.922180077753,Month-to-month,No,0,0,0,1,1,0,Mailed check,1,1,0,0,1,0,1
CUST_00807,34,77.5163350496625,7297.442751862331,One year,Fiber optic,0,0,0,0,0,1,Mailed check,1,1,0,0,1,0,0
CUST_00808,35,67.93544401378517,6722.296340411069,Two year,No,1,0,0,0,1,0,Mailed check,1,0,1,0,1,1,0
CUST_00809,1,51.372769119409604,5704.125439990388,Two year,DSL,1,0,0,0,0,0,Bank transfer,1,0,1,0,1,0,0
CUST_00810,40,80.63709444333756,7595.88305106593,Two year,No,0,0,0,0,0,0,Mailed check,1,0,0,0,1,0,0
CUST_00811,64,33.91980246175298,348.23238993905613,Month-to-month,No,0,0,0,0,0,1,Credit card,1,0,1,1,1,0,0
CUST_00812,22,109.82616272927059,5915.98335798002,Month-to-month,Fiber optic,1,0,0,0,0,0,Credit card,0,1,1,1,1,0,1
CUST_00813,60,102.93324051412837,2708.917956757602,One year,Fiber optic,0,1,0,0,0,1,Mailed check,1,0,0,0,1,0,0
CUST_00814,64,51.753144787673705,7257.920496922286,Month-to-month,Fiber optic,1,1,0,0,0,0,Electronic check,0,0,0,0,0,0,0
CUST_00815,72,115.27975276012943,2206.734053629623,Month-to-month,DSL,0,0,0,1,1,0,Credit card,0,0,0,0,1,0,1
CUST_00816,11,102.5200767415568,5826.366344588635,Month-to-month,Fiber optic,0,0,1,0,0,0,Credit card,0,0,0,0,1,0,0
CUST_00817,14,86.63068858350397,7033.411455241173,Month-to-month,Fiber optic,1,0,0,0,1,1,Mailed check,1,0,1,1,1,0,0
CUST_00818,60,32.176191112527476,429.08886522319114,Month-to-month,DSL,0,0,0,0,0,1,Mailed check,1,0,0,1,1,0,0
CUST_00819,30,67.82340230480722,3241.4158787770853,Month-to-month,Fiber optic,1,0,0,0,1,0,Bank transfer,1,0,1,1,1,0,0
CUST_00820,35,70.61075548467508,6122.241352973316,Month-to-month,Fiber optic,1,0,1,0,0,0,Credit card,1,1,1,0,1,0,0
CUST_00821,37,43.25513583653801,3693.859227109938,Month-to-month,DSL,0,0,1,1,0,1,Mailed check,1,0,0,0,1,0,1
CUST_00822,5,27.996539435930195,2211.295775369403,One year,Fiber optic,0,0,0,0,0,0,Mailed check,1,0,1,0,1,1,0
CUST_00823,26,97.67236304716927,1836.4622557032012,One year,Fiber optic,1,0,0,0,0,0,Bank transfer,1,0,0,0,1,1,0
CUST_00824,62,32.2035052124395,1138.9943086393855,One year,DSL,1,0,0,0,0,0,Credit card,1,0,0,0,1,0,0
CUST_00825,4,79.42907505617748,6871.32352286463,Month-to-month,DSL,0,0,0,0,0,0,Mailed check,0,0,1,0,1,0,1
CUST_00826,42,113.64491738836605,4645.307685687292,Month-to-month,No,1,0,0,1,1,0,Bank transfer,1,0,1,0,1,0,0
CUST_00827,18,107.61051925980425,703.4410654325022,One year,DSL,0,0,0,0,1,0,Mailed check,1,0,0,0,1,1,0
CUST_00828,40,47.775262374926115,3122.38455620802,One year,DSL,0,1,0,0,0,0,Electronic check,1,0,0,0,1,1,0
CUST_00829,72,105.14486375512654,3005.095841360368,Month-to-month,DSL,1,1,0,1,1,1,Electronic check,1,0,0,0,1,0,0
CUST_00830,39,20.033250612048942,1535.7396066047575,Month-to-month,No,0,0,0,1,1,0,Mailed check,1,0,0,1,1,1,0
CUST_00831,14,21.76878096132572,3540.5102412303063,Two year,No,1,0,0,0,1,1,Credit card,1,0,0,0,1,1,0
CUST_00832,32,80.25531638428649,2723.584986605778,Month-to-month,No,0,0,0,0,0,0,Electronic check,1,1,1,0,1,0,1
CUST_00833,51,56.47982191445295,2800.249273388242,Month-to-month,DSL,0,0,0,0,0,1,Bank transfer,1,0,0,0,1,0,1
CUST_00834,38,58.64608411591471,5938.309806524873,One year,Fiber optic,0,0,0,0,0,0,Mailed check,0,0,1,1,1,0,0
CUST_00835,23,76.44410906788825,1863.7807454910508,Month-to-month,Fiber optic,0,0,0,0,1,1,Bank transfer,1,0,0,0,1,0,0
CUST_00836,63,39.17824555918606,5170.693674957308,Month-to-month,Fiber optic,0,0,0,1,0,0,Electronic check,1,0,1,1,1,0,0
CUST_00837,15,41.17553506654784,4608.1320286593855,Month-to-month,No,0,0,0,0,0,1,Credit card,1,0,1,0,1,1,1
CUST_00838,25,68.46015870188647,4587.930847469152,One year,DSL,0,0,0,1,0,0,Bank transfer,1,0,1,1,0,0,0
CUST_00839,17,95.4253544343863,5337.7580345200295,Month-to-month,DSL,0,0,0,0,0,0,Electronic check,0,0,0,0,1,0,1
CUST_00840,66,81.94977514075876,4432.218085945667,Month-to-month,Fiber optic,0,0,0,0,1,1,Electronic check,0,0,1,0,1,1,1
CUST_00841,53,49.73550482368389,7046.115407286438,Month-to-month,No,1,0,0,0,0,0,Electronic check,1,1,1,0,1,0,1
CUST_00842,51,63.03371775089212,5437.082726407052,Two year,Fiber optic,0,0,0,1,1,0,Bank transfer,1,0,1,0,1,0,0
CUST_00843,39,37.06647585499984,4421.009685833967,Month-to-month,Fiber optic,0,0,0,1,1,1,Electronic check,0,0,1,1,1,0,1
CUST_00844,51,27.462981433708173,6655.128650272394,Two year,Fiber optic,0,1,0,0,0,0,Mailed check,0,0,0,0,1,0,0
CUST_00845,70,98.26960407441493,4888.55786297449,Month-to-month,DSL,0,1,0,0,0,0,Electronic check,1,0,1,0,1,0,1
CUST_00846,6,46.53874091881946,2400.0395575029142,Two year,DSL,0,0,0,0,1,1,Mailed check,0,1,1,1,1,1,0
CUST_00847,67,37.77663878512482,1736.0498535949125,Two year,No,0,0,0,1,0,0,Credit card,0,0,1,0,1,0,0
CUST_00848,7,89.16180555693194,1303.3895067351625,Month-to-month,Fiber optic,0,0,1,1,0,1,Mailed check,0,0,1,1,1,0,1
CUST_00849,51,81.80516742871859,7205.696179114203,Month-to-month,DSL,1,1,0,0,0,0,Credit card,1,0,1,0,1,0,0
CUST_00850,72,83.31896260134641,5710.06991120472,Month-to-month,DSL,1,0,0,0,0,1,Credit card,1,0,1,1,1,1,0
CUST_00851,42,42.88946048466136,7505.289661498134,Month-to-month,Fiber optic,0,0,0,0,0,0,Mailed check,0,0,1,0,1,1,1
CUST_00852,64,43.2645538562681,4866.00526514805,One year,No,0,1,0,0,0,1,Credit card,1,0,1,0,1,1,0
CUST_00853,15,42.080262978563916,3839.866963809809,Month-to-month,No,0,0,1,0,0,0,Mailed check,0,1,0,0,1,0,1
CUST_00854,29,37.37525956622945,571.7602628700256,Month-to-month,DSL,0,0,0,0,0,0,Bank transfer,0,0,1,0,1,1,0
CUST_00855,33,85.57236725616563,5405.974024213635,Month-to-month,No,0,0,1,1,1,1,Credit card,0,0,1,0,1,1,0
CUST_00856,27,104.80158852494014,4699.449202169027,Two year,DSL,0,0,0,0,0,0,Mailed check,0,0,0,0,1,1,1
CUST_00857,36,92.43174696766613,7922.650259342209,Month-to-month,Fiber optic,0,0,0,1,1,1,Credit card,0,0,0,1,1,0,0
CUST_00858,29,99.20936337605433,1989.3543444797199,Month-to-month,DSL,0,0,1,0,0,1,Electronic check,0,0,1,1,1,0,1
CUST_00859,38,60.479842908519984,4292.825106766003,Month-to-month,Fiber optic,0,0,0,0,1,0,Mailed check,1,0,1,1,1,0,1
CUST_00860,57,85.40757953719981,5242.562947432773,Two year,Fiber optic,0,0,0,0,0,1,Electronic check,1,0,0,1,1,0,1
CUST_00861,27,55.42362404447745,5192.270280464514,One year,Fiber optic,0,1,0,0,1,0,Credit card,1,0,1,1,1,1,0
CUST_00862,55,72.550462196864,4534.218989292382,Month-to-month,DSL,0,0,0,0,0,0,Credit card,1,0,1,1,1,0,1
CUST_00863,33,68.16348465348624,6237.731281585081,Month-to-month,DSL,0,0,0,0,1,0,Bank transfer,0,1,0,1,1,0,0
CUST_00864,68,37.68871451438544,1719.3515552618496,Month-to-month,Fiber optic,0,1,0,0,0,1,Mailed check,1,0,0,0,1,0,0
CUST_00865,66,58.70787603356308,5832.454882167885,Month-to-month,DSL,0,1,0,0,0,0,Electronic check,0,0,1,1,0,0,1
CUST_00866,10,116.3822275482351,4995.903114321404,Two year,No,0,0,1,0,0,1,Bank transfer,1,0,1,1,1,0,0
CUST_00867,5,44.85802577149421,7178.9933831771295,One year,Fiber optic,0,1,1,0,1,0,Credit card,0,0,0,1,1,0,0
CUST_00868,38,33.38037362794887,6792.836068365295,Month-to-month,Fiber optic,0,0,0,0,1,1,Credit card,1,0,0,0,1,1,0
CUST_00869,13,61.85806216239353,2589.6616091471706,Two year,No,0,1,0,0,0,0,Bank transfer,1,0,0,0,1,0,0
CUST_00870,31,99.03377358601482,2282.2748673037095,Month-to-month,Fiber optic,0,0,0,1,1,1,Electronic check,0,0,1,1,1,1,1
CUST_00871,47,78.21482297799723,7855.061258434338,One year,DSL,0,0,0,0,1,0,Credit card,1,0,0,1,1,0,0
CUST_00872,52,88.09748272382446,4265.394929230527,Two year,Fiber optic,0,1,1,1,1,0,Credit card,0,0,1,0,1,1,0
CUST_00873,56,38.969484817467716,7260.725614924051,Month-to-month,DSL,0,0,0,0,1,0,Mailed check,1,0,0,0,1,0,0
CUST_00874,15,81.89481930077216,1394.6600878658094,One year,DSL,1,0,0,0,1,1,Bank transfer,1,0,1,0,1,0,0
CUST_00875,29,52.35003949114738,5178.269426921377,Month-to-month,DSL,0,0,1,0,0,0,Credit card,0,1,0,0,1,0,0
CUST_00876,8,103.43033659547675,6497.895480148631,Month-to-month,No,0,0,1,1,1,1,Electronic check,0,0,1,0,1,0,0
CUST_00877,5,82.92988060107362,7584.42247173293,Month-to-month,No,1,0,0,1,0,0,Mailed check,0,1,1,0,1,0,1
CUST_00878,29,39.88562777752959,2764.9871140344853,Month-to-month,No,1,1,0,0,1,1,Bank transfer,1,1,0,1,1,1,0
CUST_00879,47,26.461667984408614,5827.351242400015,One year,DSL,0,0,0,0,0,0,Electronic check,0,0,0,0,0,0,0
CUST_00880,68,24.263320928703273,4356.62277141299,Two year,Fiber optic,0,0,1,0,0,0,Credit card,1,0,1,0,1,0,0
CUST_00881,45,57.14085676501407,578.9685159250987,One year,DSL,0,1,0,0,0,0,Bank transfer,1,1,0,1,1,1,0
CUST_00882,2,46.58511366543135,5550.997924740653,Two year,Fiber optic,0,0,0,0,1,0,Bank transfer,0,0,1,0,1,0,0
CUST_00883,27,84.60901234625081,5551.762810078963,Two year,No,0,0,0,0,1,0,Electronic check,1,0,0,0,1,0,0
CUST_00884,36,69.93338349786183,7451.793758287642,Month-to-month,Fiber optic,0,0,0,0,0,1,Bank transfer,1,0,0,0,1,1,0
CUST_00885,36,46.60192780053807,4028.768324734882,Month-to-month,DSL,0,0,0,1,1,1,Electronic check,0,0,1,0,1,0,1
CUST_00886,26,34.923777795017614,1918.982273613066,Month-to-month,Fiber optic,1,0,1,0,1,1,Credit card,1,0,1,1,1,1,1
CUST_00887,43,32.71997626874496,452.0542052445653,One year,No,1,1,1,0,1,0,Mailed check,1,0,1,1,1,1,0
CUST_00888,27,106.46603921404177,3383.573274818655,Two year,No,0,0,1,0,0,0,Electronic check,1,0,0,0,1,1,1
CUST_00889,69,44.34779684048672,2485.1419306122643,Month-to-month,Fiber optic,0,0,0,0,1,1,Mailed check,0,0,0,0,1,1,0
CUST_00890,20,85.17106479109684,6112.597617588617,One year,No,0,0,0,0,0,0,Bank transfer,0,0,1,0,1,0,0
CUST_00891,11,101.06859279862663,2898.7153422442684,One year,Fiber optic,1,0,1,0,1,1,Electronic check,1,0,0,1,0,0,0
CUST_00892,38,81.4081311184736,7597.662450887267,One year,DSL,0,0,0,0,0,0,Credit card,1,1,0,1,1,1,0
CUST_00893,6,105.95652316469457,7702.250603603496,Month-to-month,No,0,0,0,1,0,1,Electronic check,1,0,0,0,1,0,1
CUST_00894,72,59.23937215284745,5005.177862719894,Month-to-month,Fiber optic,0,0,0,1,1,0,Electronic check,0,0,0,0,1,0,1
CUST_00895,23,115.62221906489484,7436.416267417575,Month-to-month,No,0,1,1,0,0,1,Electronic check,1,1,1,1,1,1,1
CUST_00896,47,33.3145004178097,6110.749321664515,Month-to-month,Fiber optic,0,0,0,0,0,0,Mailed check,1,0,1,1,1,0,0
CUST_00897,46,30.21495296575381,4420.191163703496,Month-to-month,Fiber optic,1,0,1,0,1,1,Mailed check,0,0,1,0,1,0,1
CUST_00898,12,85.86921462074436,1524.4326898399472,One year,No,0,1,0,0,0,0,Bank transfer,0,1,1,1,1,0,1
CUST_00899,13,114.28311414132618,3722.923753759336,Month-to-month,Fiber optic,0,0,0,0,0,1,Bank transfer,1,1,1,0,0,0,1
CUST_00900,62,100.8883461636328,4530.908260564679,Two year,No,0,0,0,0,0,1,Bank transfer,1,0,1,0,1,0,0
CUST_00901,60,27.641685943805143,6925.29648780658,Month-to-month,No,0,0,0,0,0,0,Bank transfer,1,0,1,0,1,1,1
CUST_00902,43,47.93677139347164,3902.5336746317525,One year,Fiber optic,1,0,0,1,0,0,Electronic check,1,1,0,0,1,1,0
CUST_00903,68,113.03188848378237,7191.6299141558575,Month-to-month,DSL,1,0,1,0,0,0,Mailed check,1,0,0,0,1,1,0
CUST_00904,5,45.305843280078456,5427.356934285404,One year,Fiber optic,1,0,0,1,1,0,Mailed check,0,0,1,0,1,0,0
CUST_00905,37,98.11704237869192,1182.292598124004,Two year,DSL,1,0,0,0,0,0,Mailed check,1,0,0,0,1,0,0
CUST_00906,72,102.51321959287039,7960.352817668234,Month-to-month,Fiber optic,0,0,0,0,0,0,Mailed check,1,0,0,0,1,0,1
CUST_00907,31,69.54521034609817,4265.13801995591,Month-to-month,Fiber optic,0,0,0,0,0,0,Bank transfer,1,0,1,0,1,0,1
CUST_00908,9,58.63489098483155,3195.680541631723,One year,Fiber optic,0,0,0,0,0,1,Electronic check,0,0,1,0,1,0,1
CUST_00909,51,65.01244324197597,5306.99873930926,Month-to-month,DSL,1,1,0,0,1,1,Mailed check,1,0,1,1,1,0,0
CUST_00910,29,42.69646943653642,960.2571804502087,Month-to-month,No,0,1,1,0,1,0,Credit card,1,0,0,0,1,0,0
CUST_00911,40,108.93909161288443,5128.655309351499,Month-to-month,No,0,1,0,0,0,1,Electronic check,0,0,1,0,1,0,1
CUST_00912,41,65.06196567297579,4036.0644039442564,Month-to-month,DSL,1,0,0,0,0,1,Credit card,0,0,1,1,1,1,1
CUST_00913,11,108.24594404560997,3312.7251529888067,One year,DSL,0,0,0,0,0,0,Electronic check,1,0,1,0,1,0,1
CUST_00914,23,30.56934799062741,7628.858167313303,Month-to-month,No,0,0,0,1,1,0,Electronic check,1,1,0,0,1,1,0
CUST_00915,1,118.82752710001313,4228.06376218322,Two year,Fiber optic,0,0,1,0,0,0,Electronic check,1,0,0,0,1,0,1
CUST_00916,46,64.32730874436183,1831.0280878125136,One year,DSL,0,0,0,0,0,1,Credit card,1,0,0,1,1,0,0
CUST_00917,21,24.783082039410544,3725.8114870806594,One year,No,0,0,1,0,0,1,Mailed check,0,0,0,1,1,0,0
CUST_00918,36,23.802184823745492,7363.160496124114,One year,Fiber optic,1,0,0,0,1,0,Mailed check,1,0,0,0,1,0,0
CUST_00919,54,94.62072574818386,1491.1542235116979,Two year,DSL,0,0,0,0,1,1,Credit card,1,1,0,0,0,0,0
CUST_00920,57,85.90355342036808,1790.2606056370714,Month-to-month,No,1,1,1,0,1,0,Mailed check,1,0,1,0,1,0,0
CUST_00921,1,100.21305581275875,202.9335852809616,Two year,No,0,0,0,0,0,0,Bank transfer,1,0,1,1,1,1,1
CUST_00922,63,30.536753395280595,212.1013902265607,One year,DSL,0,0,0,0,0,1,Mailed check,1,0,1,0,1,0,0
CUST_00923,54,23.557086703554834,6652.193852972249,One year,Fiber optic,1,0,0,1,0,1,Bank transfer,0,0,0,1,1,0,0
CUST_00924,55,70.85792894475784,5883.768594059351,One year,Fiber optic,0,0,1,0,1,0,Bank transfer,0,0,0,0,1,0,0
CUST_00925,40,58.759523148276955,2904.8243459704704,Month-to-month,Fiber optic,0,0,0,0,1,0,Bank transfer,0,0,0,0,1,0,0
CUST_00926,15,66.19469366709558,5616.658142097825,Month-to-month,No,1,0,0,0,0,1,Credit card,0,1,0,1,0,1,1
CUST_00927,21,119.1588408870274,3222.1268178487644,One year,Fiber optic,0,0,0,0,0,0,Mailed check,1,0,0,1,1,0,0
CUST_00928,47,117.07499576706702,7627.884688382837,Month-to-month,No,0,1,0,1,0,1,Mailed check,1,0,0,0,1,0,1
CUST_00929,53,114.23153896731928,7739.716183265676,One year,Fiber optic,0,1,1,0,0,0,Credit card,1,0,1,0,1,0,0
CUST_00930,9,98.38426767676738,3203.0708288938126,Month-to-month,Fiber optic,0,1,0,0,0,0,Credit card,0,0,1,0,1,1,0
CUST_00931,52,55.48413602568904,6848.353060092857,Month-to-month,DSL,0,1,0,0,0,0,Mailed check,1,0,1,0,1,0,0
CUST_00932,57,61.21309302627716,6207.403429409983,Month-to-month,DSL,0,0,1,0,0,0,Credit card,1,0,1,0,1,1,0
CUST_00933,26,74.96160437189245,2548.9995036571354,Month-to-month,Fiber optic,1,0,0,0,0,1,Credit card,0,0,1,0,1,0,1
CUST_00934,41,103.05344564048399,1933.1146483187372,Month-to-month,DSL,1,0,0,0,1,0,Bank transfer,1,0,1,0,1,1,1
CUST_00935,35,26.871283251826775,3720.0537381033873,Month-to-month,DSL,0,0,0,0,0,0,Credit card,1,0,1,0,1,1,1
CUST_00936,63,62.429688588488816,6272.655840853809,Two year,Fiber optic,0,0,0,0,0,0,Bank transfer,1,0,1,0,1,1,0
CUST_00937,25,28.26176634592687,7685.325499357089,One year,Fiber optic,0,1,0,0,0,0,Electronic check,0,0,1,0,1,0,0
CUST_00938,38,71.46575865735116,6132.274644045923,Month-to-month,No,0,0,0,0,1,1,Bank transfer,1,0,0,0,1,0,0
CUST_00939,2,109.89008240062354,6856.135181645123,One year,DSL,0,0,0,0,1,1,Bank transfer,0,0,1,1,1,0,0
CUST_00940,7,98.24849245639379,4864.208018747081,Two year,Fiber optic,1,0,0,1,0,0,Credit card,0,0,1,0,0,0,0
CUST_00941,34,42.784241754311,6699.721863652794,One year,No,1,1,0,0,0,1,Mailed check,1,0,1,0,1,0,0
CUST_00942,17,117.59908495987925,6296.9247782269995,Month-to-month,No,0,0,0,0,0,1,Electronic check,1,0,0,0,0,1,1
CUST_00943,43,86.73503980464284,3078.1857812176127,Two year,DSL,0,1,0,0,1,1,Electronic check,1,0,0,0,1,0,0
CUST_00944,59,21.042769939740307,4460.723386753697,One year,DSL,0,1,1,0,1,0,Electronic check,1,0,1,0,1,0,0
CUST_00945,51,45.54134846852195,6457.549663718589,Month-to-month,No,0,1,0,0,1,0,Mailed check,1,0,1,0,1,1,1
CUST_00946,54,46.071329991991654,463.84820010065533,Month-to-month,No,0,1,0,1,0,0,Electronic check,0,1,0,0,1,0,1
CUST_00947,24,26.925430628585993,6483.826330611057,One year,No,1,0,0,0,1,1,Electronic check,1,0,1,1,1,1,0
CUST_00948,25,115.9826518075929,1505.316179987285,Month-to-month,DSL,0,0,1,0,1,1,Mailed check,0,0,1,1,1,1,0
CUST_00949,71,67.82552945759238,4166.000575259368,Two year,DSL,1,0,1,0,1,0,Electronic check,0,0,0,0,1,1,0
CUST_00950,52,109.5814597371882,6485.375972491907,Month-to-month,DSL,0,0,0,0,0,0,Credit card,1,0,1,0,1,1,1
CUST_00951,70,52.221550344462834,2105.186517437889,Two year,Fiber optic,0,0,0,0,0,0,Credit card,1,0,0,0,1,0,0
CUST_00952,33,32.523357043282715,2041.8787705186087,One year,DSL,0,1,0,1,0,0,Bank transfer,1,0,1,0,1,0,0
CUST_00953,49,67.43361099062139,3281.83874785179,Month-to-month,No,0,0,0,0,0,1,Bank transfer,0,0,1,0,0,0,0
CUST_00954,29,31.395663471431718,7167.6781008633125,Month-to-month,DSL,0,1,0,0,0,0,Bank transfer,0,0,1,0,1,0,0
CUST_00955,63,68.60155029775399,103.49797335394229,One year,DSL,0,0,1,0,1,0,Credit card,0,0,1,0,1,0,0
CUST_00956,22,112.02971812194077,7220.926463471286,One year,DSL,1,0,0,0,1,1,Credit card,0,0,0,1,1,1,0
CUST_00957,26,72.07681418342128,1315.0754946687014,One year,Fiber optic,0,1,0,1,1,0,Credit card,0,0,1,0,1,0,0
CUST_00958,28,81.64997268950835,7921.682370933108,Month-to-month,DSL,0,0,0,0,0,1,Bank transfer,1,1,1,0,1,0,0
CUST_00959,49,35.66384369738083,7643.2912450038975,Month-to-month,No,1,0,0,0,0,0,Bank transfer,1,1,1,1,1,1,1
CUST_00960,71,24.37356258799695,4007.9339977711384,Month-to-month,Fiber optic,1,0,1,0,1,0,Bank transfer,1,0,0,0,1,0,0
CUST_00961,49,31.080796217980705,4150.489957719763,One year,Fiber optic,1,0,1,1,0,0,Bank transfer,1,1,0,0,1,0,0
CUST_00962,20,79.85315756843656,3904.239788179249,Month-to-month,No,0,0,0,1,0,1,Bank transfer,0,0,0,0,1,0,1
CUST_00963,63,29.501169899230465,5120.004800710229,Month-to-month,Fiber optic,1,0,0,0,1,0,Bank transfer,1,0,1,0,1,1,0
CUST_00964,61,57.59928899413114,816.7014476559551,One year,Fiber optic,0,0,0,0,1,0,Credit card,0,0,0,0,0,1,0
CUST_00965,49,75.0091940458156,357.68179189837537,Two year,No,0,0,0,0,0,1,Mailed check,1,0,1,0,1,1,0
CUST_00966,71,58.8652798629847,555.853134485601,Month-to-month,DSL,0,0,0,0,1,0,Mailed check,1,0,1,0,1,0,0
CUST_00967,1,36.36838014653015,3610.486259007964,Month-to-month,DSL,0,0,0,0,1,0,Bank transfer,1,1,1,0,1,1,0
CUST_00968,13,47.379130751410656,2276.828719833919,One year,No,0,0,1,0,1,0,Mailed check,0,0,1,1,1,0,0
CUST_00969,51,112.8317532848577,5014.112542730851,One year,Fiber optic,0,1,0,0,1,0,Mailed check,1,0,1,0,1,0,1
CUST_00970,56,87.59822755863554,7940.294086060754,Month-to-month,DSL,0,0,1,0,0,1,Credit card,0,0,1,0,1,0,1
CUST_00971,62,69.60478386798866,3151.953067304081,Two year,DSL,0,0,0,1,1,1,Bank transfer,0,0,0,1,1,0,0
CUST_00972,32,21.271488998689353,4633.345907425655,Two year,No,0,0,1,0,0,1,Bank transfer,0,0,1,0,0,0,0
CUST_00973,30,119.24154004894702,3383.2707776679504,Month-to-month,DSL,1,1,0,0,0,1,Mailed check,1,0,1,0,1,1,1
CUST_00974,29,87.14549348946433,6793.4461750026885,Month-to-month,DSL,1,0,0,0,1,0,Bank transfer,1,0,1,0,1,0,1
CUST_00975,49,51.692247734494494,7227.667587351681,Month-to-month,DSL,0,0,0,0,0,1,Bank transfer,0,1,1,0,1,0,1
CUST_00976,45,107.92686599978381,7031.109336421554,One year,DSL,1,0,1,0,1,0,Bank transfer,1,1,0,0,1,0,0
CUST_00977,30,45.84316202918181,7797.540685566135,Month-to-month,No,0,0,0,1,1,0,Bank transfer,1,0,0,0,1,0,0
CUST_00978,16,74.40165791827516,317.4015626092808,One year,DSL,0,0,0,0,1,0,Mailed check,1,0,1,1,1,0,0
CUST_00979,40,83.6070763729825,6734.547680949695,One year,DSL,0,0,0,1,1,0,Electronic check,0,0,0,0,1,1,0
CUST_00980,19,42.10633714537285,6039.000167008837,Month-to-month,DSL,0,0,0,0,0,1,Mailed check,1,0,1,0,1,1,0
CUST_00981,18,117.83972788005958,1906.6858342628818,One year,DSL,1,1,0,0,0,0,Credit card,1,0,0,0,1,1,1
CUST_00982,1,94.81919059789975,7654.928737761467,Two year,DSL,0,0,1,0,0,0,Electronic check,1,0,0,0,0,1,0
CUST_00983,47,75.781322551107,1270.605633016569,Month-to-month,No,0,0,0,0,0,0,Electronic check,1,0,0,0,1,0,1
CUST_00984,66,38.05945981753008,5468.444424357876,Month-to-month,DSL,0,0,0,0,0,0,Electronic check,1,0,1,0,1,1,0
CUST_00985,38,25.385820699802615,1876.6327128457085,Month-to-month,No,0,1,0,1,0,0,Mailed check,0,0,1,0,0,0,0
CUST_00986,51,52.005983252098346,3507.90712531519,Two year,No,1,1,0,1,1,1,Credit card,0,1,1,0,1,0,0
CUST_00987,63,95.31873359134028,5781.363185862095,Two year,DSL,1,0,0,1,1,0,Mailed check,0,0,1,1,1,0,0
CUST_00988,4,46.9331298302025,4550.264672061068,Month-to-month,DSL,0,0,0,0,1,1,Credit card,1,1,0,1,1,0,1
CUST_00989,1,73.95562204955051,3477.2644674920825,One year,No,1,0,0,1,1,0,Mailed check,0,0,0,0,1,0,1
CUST_00990,8,92.79471767307432,2678.073604362699,Month-to-month,DSL,0,0,0,0,0,0,Mailed check,1,0,1,1,1,0,0
CUST_00991,29,30.794371464646435,6733.311280099443,Month-to-month,No,1,0,1,0,0,1,Mailed check,1,0,1,0,1,0,0
CUST_00992,55,88.52980161158733,1236.1333674870284,Month-to-month,DSL,0,0,0,0,0,1,Electronic check,1,0,0,1,1,1,1
CUST_00993,3,29.18708877100447,3497.8127245854203,Month-to-month,DSL,0,0,0,0,1,0,Mailed check,1,0,1,0,0,0,1
CUST_00994,32,116.51297421269966,7239.684817023623,Month-to-month,Fiber optic,0,0,0,0,0,1,Credit card,1,0,1,0,1,0,0
CUST_00995,10,68.83941300649396,6782.211448633745,One year,DSL,0,0,0,0,1,1,Credit card,1,0,0,1,1,1,0
CUST_00996,34,35.06761077098774,3267.439923537069,Month-to-month,No,0,0,0,0,0,1,Credit card,1,0,0,0,1,0,1
CUST_00997,55,54.23836360335465,6128.556072450336,Two year,DSL,0,0,0,1,0,1,Electronic check,0,1,1,1,1,1,0
CUST_00998,32,61.34164492952615,6602.970562599988,Month-to-month,DSL,0,0,1,0,0,1,Mailed check,1,0,0,0,1,1,1
CUST_00999,50,95.81850110765373,7122.210649628675,Month-to-month,No,1,0,0,0,0,0,Mailed check,1,0,0,0,0,0,0
